UUID,VIN,Make,Model,Mileage,Year,Price,Zip Code,Create Date,Update Date
739316923010,756175457,UKCP,VKRU,133454,1995,"$9,761.00",10276,4/29/2012,11/3/2010
899928758553,290091168,NRBF,VPVV,28880,2013,"$24,854.00",85304,7/11/2010,1/23/2012
454666899543,894585463,XQPR,VNNN,238557,2002,"$24,822.00",81562,9/15/2010,9/6/2020
935041920388,349422253,WVYL,RGHS,16343,2018,"$19,329.00",57662,2/7/2007,3/28/2012
776603407002,289122444,DLBH,EEXX,134374,1987,"$6,350.00",11087,3/19/2019,4/13/2014
727287322968,469385781,KIUF,LWVE,227062,2015,"$16,466.00",9323,11/6/2017,2/1/2014
491321572477,394303103,YXKS,IJHE,212272,1994,"$7,076.00",56952,10/7/2010,4/11/2016
581232488764,599495758,VHRQ,GDOP,248004,2022,"$8,476.00",35547,12/6/2010,6/2/2018
727529831323,660295156,OGRK,UTOV,46216,2022,"$10,162.00",40522,7/19/2018,7/6/2006
690367653503,886480628,WGCF,AUEM,20923,2008,"$9,593.00",59849,4/9/2020,5/4/2021
717076941750,248340309,NXAA,JSFN,47037,1995,"$12,377.00",32995,9/24/2019,2/19/2009
667388675157,726348193,JIHO,FJBV,102753,2010,"$19,070.00",3777,10/28/2014,9/23/2008
512885248202,612970176,LKAN,LIRJ,63600,1992,"$29,992.00",89301,10/25/2006,6/7/2018
492319268424,866469648,EAPR,CCHQ,65449,2010,"$13,301.00",4288,2/23/2018,3/14/2011
420070182098,807615016,GGXV,MDWI,211435,1995,"$6,940.00",78015,10/10/2011,7/16/2012
648921407833,446488451,TWAR,HBJX,109603,1999,"$16,320.00",49491,4/1/2015,4/16/2007
337833369653,229777542,HIEH,QDKK,128949,2005,"$10,703.00",34940,2/23/2007,2/14/2015
469610896939,426824963,MEPS,CUEK,138563,2011,"$23,368.00",83204,9/3/2007,6/14/2006
138563754699,331058203,EBVU,HFPV,83490,1985,"$26,034.00",72830,8/18/2018,4/1/2017
986674562152,743573846,HEMD,RHMI,165421,1996,"$14,393.00",26986,12/17/2019,11/9/2015
162994011630,135838864,JJIA,LVPW,24873,1984,"$26,994.00",53826,1/5/2021,3/25/2008
467687426630,584321352,KDMH,PXJQ,67346,1994,"$28,054.00",97958,6/22/2018,11/21/2012
880476273441,633032195,FYDK,YSWQ,84817,1984,"$24,513.00",88378,7/24/2013,4/26/2010
340670139696,781800676,DPYV,BBMC,75009,2012,"$8,892.00",57676,11/18/2015,9/29/2012
428512535328,278476147,IKDH,NJFR,75430,1993,"$5,562.00",73834,2/20/2006,1/13/2008
730040493781,222626340,ESSR,FDCO,73803,1995,"$10,960.00",15137,1/1/2012,8/29/2005
590464934374,804592763,RQCA,WRXE,206232,2018,"$18,254.00",56772,4/11/2018,12/20/2011
588443830281,513183455,PGSM,WLNO,31423,2013,"$24,623.00",62161,1/9/2020,2/28/2007
512553839754,719956590,OEPA,DNKS,203505,2013,"$24,284.00",70414,2/16/2017,8/22/2007
428051987353,900990939,YJUS,GDXG,87861,1988,"$20,012.00",36088,5/7/2017,4/1/2016
576317837597,368351516,VWCQ,WNNW,162163,2000,"$19,842.00",6908,4/14/2009,10/23/2020
704168515180,529714393,LPGR,FECR,13888,2000,"$27,495.00",60026,9/13/2019,1/18/2006
388957281801,436477128,KXSG,DOLP,28022,2020,"$6,831.00",74431,4/21/2019,9/28/2013
755551160333,191996143,EVNQ,ARYX,101530,2010,"$18,169.00",89680,3/31/2006,12/8/2016
797527689577,866246027,RWAY,UIGH,130970,1999,"$28,011.00",21443,5/18/2014,9/20/2016
251656777281,714227279,HBDI,WXIS,124328,2022,"$10,504.00",15686,3/24/2012,2/1/2015
272715841458,463955977,FVID,JQLV,190103,2007,"$29,965.00",90999,10/8/2014,12/24/2019
574233581963,659453915,RXHG,XMDT,40545,1994,"$13,262.00",6937,10/15/2007,5/21/2007
800657304280,459700362,MYJY,CXKS,150463,2017,"$27,984.00",73222,12/8/2009,9/22/2006
876853463646,612246390,MEGX,IEHC,180910,2003,"$22,406.00",91882,9/6/2019,11/4/2007
506492592229,769186059,BVOY,UOQK,151532,1995,"$13,324.00",25109,5/27/2007,4/19/2006
823922104545,926331839,UOLL,DEBM,109321,2019,"$6,258.00",27277,2/14/2020,12/19/2005
358469743456,742460216,BRAU,BPMR,244577,1986,"$23,774.00",16100,5/3/2016,8/9/2019
433573880069,781183437,YGJE,PCVT,132956,1994,"$14,109.00",96386,1/31/2011,5/25/2009
746563996280,753519325,SABM,ACUY,232124,1984,"$18,195.00",72092,9/15/2008,5/17/2016
405106908662,536964505,QVDA,DWHG,165805,2020,"$24,326.00",67867,1/5/2010,4/19/2009
532784854237,427811980,FTTS,HXVC,57133,1989,"$28,963.00",37661,10/23/2013,10/5/2008
340012567624,172952560,MPDO,FSEB,108260,2008,"$6,824.00",71977,8/31/2014,11/28/2020
752379904052,215488430,BQJR,IGAO,77662,2000,"$17,117.00",58761,5/14/2014,2/23/2017
600283678642,287834733,YISA,VHBQ,111610,2012,"$17,328.00",59918,3/3/2016,4/24/2015
534637136038,673946218,DXUQ,LULE,106080,1998,"$14,244.00",29460,12/5/2010,2/18/2007
642942085837,571405253,XPMD,WDTL,111138,1993,"$12,682.00",84966,7/29/2019,6/21/2015
370356370330,408636295,HPYL,TEQL,94092,1987,"$10,646.00",14546,4/20/2021,10/28/2020
525316260106,686851467,LOAJ,LCAP,89881,1997,"$18,720.00",18758,8/23/2005,2/3/2006
799547741299,753901699,GRVD,NFNH,63403,1996,"$23,229.00",94190,3/27/2008,8/27/2019
161541262148,436944220,WYKG,MTJK,75524,1983,"$12,896.00",13345,8/11/2006,4/5/2009
729567598904,131311641,KRDW,JHRA,123545,1990,"$10,826.00",11015,2/4/2019,3/9/2017
292382066486,502322107,JWCS,APXT,175465,2002,"$29,409.00",68151,4/25/2017,2/18/2012
530587259885,559826969,PKYC,BMIA,102179,2010,"$22,637.00",88564,10/7/2019,6/23/2019
693436058301,607257344,LUBQ,RHHU,146028,2006,"$20,520.00",22021,12/9/2006,8/27/2008
634679628126,176302381,BWOI,WHCQ,75626,1981,"$8,146.00",32891,4/30/2018,9/29/2012
122015285975,179709653,WXPW,UGJP,235312,1993,"$25,820.00",83539,10/16/2019,8/2/2013
487393877377,455222049,WYGL,BETR,239843,2016,"$24,017.00",95724,12/1/2008,7/27/2019
291806582147,165319700,GNMQ,NFOH,205153,1986,"$24,525.00",39717,12/12/2005,5/28/2010
349768946099,749916838,JVOG,SHWN,25083,2000,"$14,840.00",33985,9/27/2014,10/19/2020
563345359111,536786606,PABO,FEXA,237512,1994,"$21,259.00",53748,7/28/2005,11/4/2016
815424820549,953373888,AIKB,DIFY,83833,2020,"$26,546.00",31655,8/9/2020,7/26/2012
564307766892,713643623,MWLA,MVPS,23826,2014,"$29,209.00",19721,9/16/2015,3/28/2009
115594881580,542485988,UMRS,PIYL,83610,1988,"$7,386.00",87445,4/11/2020,9/20/2010
168834962529,595940445,RBGG,NHTP,242000,2005,"$22,685.00",86213,2/16/2012,8/11/2013
216457454253,605374912,IRTH,XOKR,62211,1990,"$9,312.00",16294,7/6/2015,8/13/2017
102070847374,187214385,MSUP,NMOD,12956,1994,"$17,936.00",75013,1/13/2014,2/11/2013
132445609655,195248424,QFRV,OYQN,201112,2011,"$25,016.00",61292,12/14/2018,1/30/2016
122653852238,976155997,PCYV,GXRM,104758,1993,"$23,179.00",96878,7/13/2016,11/22/2010
958719275220,926914407,IUNW,YGBX,77722,1984,"$21,725.00",82006,3/28/2014,10/4/2020
320197541888,696630081,FSKP,GUIX,134988,2017,"$7,814.00",27236,1/4/2017,8/12/2020
370853349873,362192609,FXQO,BQCF,187137,2015,"$18,783.00",37410,1/26/2008,5/15/2017
140282094989,146594271,UURL,HTNA,76305,2014,"$28,716.00",32644,9/29/2011,11/12/2013
513015049924,879459045,BTFN,QYRP,238045,2010,"$7,318.00",49526,7/30/2011,10/22/2013
579928168133,517672350,DHYB,VCFM,60352,1984,"$22,197.00",98464,2/14/2005,11/24/2006
243274845601,509669808,FFRS,VRLU,168593,1993,"$12,563.00",45026,7/1/2017,4/24/2017
941017791800,238706609,NFNG,SCVM,243353,2005,"$11,316.00",71625,8/30/2006,6/2/2010
379831608895,248488807,WVIQ,SOPS,11633,1992,"$24,299.00",74674,3/19/2015,7/3/2020
867059413301,633865954,GVAO,EHGC,192234,2005,"$15,842.00",4979,4/26/2005,3/7/2014
881259569696,431453926,RJAG,LGTM,170081,1990,"$7,883.00",98127,8/2/2012,1/24/2017
544772116919,924468144,OMJL,IWDI,105784,1988,"$9,317.00",34482,7/17/2017,11/25/2007
541640201206,729130783,HUUY,EWRJ,203666,1999,"$20,621.00",57898,5/20/2010,10/15/2012
521207167985,794542532,FTHF,PLBL,196305,2003,"$18,137.00",82993,2/3/2016,5/30/2007
314678224578,182413028,XWAQ,DDMU,245346,1991,"$14,111.00",10371,5/23/2011,12/10/2015
659865810313,794583334,QGUT,XSMB,37531,1998,"$9,272.00",18641,2/19/2008,10/6/2008
734478686288,937834348,OKUM,HUCV,186070,1995,"$7,237.00",13099,9/24/2010,5/14/2013
246154319200,372505833,VLQB,ABLF,115973,1984,"$13,052.00",87744,11/29/2008,2/9/2021
942260381518,150070229,BMBV,LCFT,140426,2014,"$13,902.00",10748,7/23/2011,6/10/2009
409498921479,812411527,KMUX,DULL,214480,1994,"$17,947.00",36536,12/25/2008,1/20/2007
283384548396,817656181,UMRS,YALU,151529,2022,"$25,475.00",12191,11/11/2020,11/21/2011
882792773159,592602730,WBIL,NYTA,144172,2005,"$25,395.00",59388,3/10/2014,9/5/2013
515990536227,590070740,ROTY,NIRD,40049,1983,"$6,194.00",98588,6/7/2014,8/30/2019
591147058847,176879582,OKYE,ERLY,223292,2003,"$17,002.00",98808,1/2/2009,12/18/2018
787363246691,794275172,AWQS,THNY,53636,1992,"$23,114.00",57536,12/24/2017,6/2/2015
193063860465,755336320,PQJB,NBOE,33948,2014,"$6,474.00",41824,10/18/2007,8/31/2018
535838054938,848933901,DPXT,TQWN,84690,2004,"$5,279.00",57458,12/26/2014,7/13/2016
675345012627,300793499,SNGG,DCMA,87910,1983,"$12,182.00",33917,8/1/2006,1/1/2009
271313781798,570032892,XAWN,TJHR,76099,2019,"$13,874.00",85620,11/8/2008,2/15/2021
185820310644,898114589,ALAX,ELGE,33922,2003,"$8,540.00",73877,7/28/2019,10/4/2020
965846596387,885458579,TPLW,ECPY,239508,1982,"$14,643.00",94065,9/16/2015,2/14/2013
328150109805,299730057,QYSS,ASIQ,78544,1997,"$18,285.00",76712,2/9/2016,3/28/2009
944697840349,514095504,LODU,DHTG,151003,1999,"$21,478.00",72253,1/23/2014,11/28/2020
113678060245,320810019,BBPC,HNFW,139193,2005,"$6,185.00",46182,9/8/2016,12/19/2006
537785342945,780762593,UJSR,EYGQ,53076,2007,"$13,341.00",80523,12/29/2019,7/27/2005
385035053143,691084537,WYNS,SRBC,120150,1998,"$10,729.00",90287,12/31/2010,5/16/2017
419726341669,518259620,RVCL,UHDU,91661,1981,"$27,354.00",92095,8/5/2014,2/12/2013
983695173696,152012525,DOWT,CPQI,36419,2017,"$14,474.00",31670,8/22/2013,1/14/2019
404364083846,196175924,JKOC,KFXK,72398,2018,"$15,627.00",56133,10/6/2007,5/20/2005
613041923580,422869649,YGXY,DDYP,182776,1992,"$24,295.00",7746,9/28/2008,1/1/2020
645450444984,339974839,MSLJ,SKPE,138498,2011,"$25,370.00",83451,1/10/2008,3/19/2012
854110120288,347690217,TPUY,QFXF,216628,2019,"$17,701.00",52750,6/15/2005,2/17/2021
140440808023,298069820,BCIS,MSOS,233213,2014,"$16,464.00",88306,7/16/2011,5/23/2017
672735956713,987505770,TIJE,RRYG,216638,1997,"$14,488.00",93548,1/7/2014,1/31/2018
608383228818,346831429,OSGV,HHLI,112765,1992,"$12,668.00",83040,5/18/2018,2/23/2016
834390914534,994929753,LDLH,PBUJ,61729,2007,"$9,570.00",44036,11/28/2019,10/26/2013
667700858583,119193355,LUAJ,WMTF,72025,2021,"$16,321.00",1347,4/26/2021,9/16/2005
331829880555,527111553,AVCX,YAFY,207484,1997,"$17,020.00",27701,6/15/2019,11/25/2017
835140309154,210063032,HPAF,UBCN,157616,1988,"$12,788.00",24860,11/24/2020,3/4/2010
366491209956,740009192,SMRN,TTBK,204894,2007,"$5,041.00",5947,2/17/2021,1/9/2008
395962471428,867201110,NARO,AOJE,232586,1981,"$28,320.00",56487,4/5/2009,6/12/2008
288306607657,103699184,EHMS,PWJR,53614,1983,"$21,096.00",10280,9/27/2016,8/25/2018
508076924333,868539042,AAVM,BDCL,38203,2019,"$10,812.00",42254,6/7/2018,10/28/2010
841479056499,872264803,PFWR,PGWL,47674,1995,"$16,263.00",21521,3/27/2011,12/3/2020
332564519431,722794764,UQIO,GPVM,151783,2020,"$9,459.00",6946,5/25/2013,4/2/2019
732449977052,690197589,CYSO,FPWK,184906,1985,"$12,577.00",68655,12/14/2008,11/10/2012
571011928702,499273275,WTFT,KHFP,80026,2001,"$5,160.00",72970,10/20/2005,10/5/2015
497598528196,973043505,VOLY,MOAT,234231,2008,"$14,827.00",26476,10/31/2011,7/2/2008
510217853668,692264242,HHGI,FRKA,189040,1985,"$25,087.00",57688,6/29/2017,10/10/2015
814400442730,436371485,TROT,TDGR,184342,1992,"$18,567.00",25279,10/1/2010,2/20/2015
858867313001,385650152,OXEY,RMPD,147725,2011,"$22,021.00",43246,4/28/2019,8/10/2015
253343787183,182491315,XLEW,OXIG,182070,2001,"$5,032.00",80854,7/28/2005,8/20/2014
723252512291,592202440,KOGY,TIBI,1337,1997,"$27,234.00",31192,7/2/2016,8/4/2010
486684488428,277474084,UJJH,ADXA,69818,1988,"$20,666.00",49982,1/13/2009,3/27/2018
432415320767,670371352,YVEG,FYTQ,247841,1995,"$21,119.00",98845,4/28/2006,3/13/2009
252269949216,746009090,STNJ,RQBP,137501,1989,"$7,968.00",89492,10/11/2019,5/30/2009
742368719010,747781112,POWG,OVYH,165945,1984,"$27,740.00",77697,1/5/2018,9/2/2013
359623810918,982865131,FXAG,CEKJ,207481,2011,"$24,946.00",77506,3/18/2013,8/25/2017
537313366620,416551023,FTRN,KKSK,237891,1996,"$20,700.00",58517,1/7/2010,5/28/2013
735034563281,676914274,TDCL,BQYR,215363,1993,"$29,015.00",58144,4/7/2012,3/10/2021
898800861980,880213014,XDSP,LDHQ,158755,2021,"$26,305.00",71275,10/12/2010,10/6/2016
541611949854,986846250,RFHX,QKYV,190410,2008,"$7,694.00",18322,3/4/2012,7/11/2011
435220696084,577439007,OLGA,HWIS,146223,2020,"$10,124.00",88466,2/26/2020,12/19/2012
608557841701,612179598,PAHI,KUSJ,236686,2017,"$26,790.00",52218,3/16/2006,9/11/2012
790228424420,143889848,GOQX,TLDQ,77913,2005,"$11,766.00",1492,1/18/2018,2/25/2014
635953526709,804609422,MKCE,NRLP,235284,2007,"$22,099.00",28788,3/6/2005,2/24/2007
174027952016,892926396,QJBT,VJFP,69753,2018,"$25,453.00",35209,11/25/2014,6/6/2014
952209688112,344076103,FLUE,HRLN,70629,2019,"$19,659.00",45929,2/3/2019,10/15/2014
762819832132,949172600,QAAE,DXPM,184072,1987,"$16,888.00",4519,12/22/2016,9/2/2005
131292898754,912464313,IGCX,NJXM,17518,2012,"$27,347.00",35338,11/23/2007,2/2/2008
174095700742,389289900,JBGC,EOXP,226628,2017,"$11,752.00",8571,6/2/2005,5/19/2016
286575727690,382130835,WCEU,FJEV,40431,2013,"$6,667.00",11071,5/9/2016,2/26/2005
766470098575,472925034,ADFP,YXQC,214158,1986,"$22,943.00",77285,7/16/2006,5/19/2017
353616432202,563404842,LRIK,NREH,9498,2012,"$13,061.00",26579,9/2/2019,11/2/2011
807884405990,257555748,IUDA,NNOB,28290,1988,"$10,630.00",76617,3/14/2010,1/7/2014
131624261346,237015367,BLRL,XGVK,36130,1989,"$18,175.00",96661,10/18/2017,1/12/2014
163594177221,415619129,KQWW,HBJJ,133044,2012,"$5,175.00",83552,4/7/2011,7/15/2013
644394169108,316594319,JKAP,KADR,213731,2017,"$13,609.00",37084,3/24/2013,5/8/2020
141473375070,725415913,BQCV,DVKC,209216,1980,"$17,676.00",19936,8/4/2012,8/25/2005
797990672730,520814654,MCCP,KOFE,16484,2018,"$22,514.00",93406,12/23/2020,10/21/2007
395763866527,311204182,GGGU,OGPB,247871,2022,"$9,018.00",91772,7/24/2019,1/3/2012
291634323156,882493795,UFIT,WUDR,35117,2020,"$13,560.00",47139,9/15/2007,4/27/2020
688202919261,817804317,HPFO,WCQT,208764,1982,"$27,079.00",93980,3/14/2010,9/30/2017
687615179679,226581532,TRBE,EMQG,132894,2008,"$23,708.00",60215,11/8/2020,3/22/2011
977026700138,133920151,DCMU,LKVY,138055,1986,"$24,568.00",81188,7/21/2020,3/21/2018
968455201715,424127059,IMUX,QRIR,38136,2004,"$12,522.00",13809,1/28/2014,10/22/2006
697038766116,322042170,UGVH,WDIJ,203265,2000,"$19,664.00",65049,8/5/2019,11/28/2019
628114449797,284165251,SWVN,BTWI,211089,2016,"$16,691.00",13929,10/7/2019,2/28/2011
387921070726,874848700,XTHG,BAAR,160229,1987,"$8,425.00",14798,3/30/2012,7/19/2016
627237302458,109370838,EAJC,RIMG,200373,1982,"$19,626.00",30434,6/8/2015,11/15/2009
761244546836,134886679,MSRP,OXXV,191425,2016,"$6,018.00",18029,4/19/2009,5/9/2015
229036943389,489008636,HMNV,HKVO,55018,2004,"$20,443.00",47979,11/26/2009,7/22/2009
490002799509,280233869,DACG,PGDY,186432,1981,"$12,453.00",5684,7/29/2007,3/25/2008
556499153911,179177924,YARJ,YHJK,172729,1982,"$10,183.00",84035,12/17/2016,4/26/2017
786562696796,470868829,LSWE,FQGX,90594,2005,"$8,129.00",82139,12/26/2017,5/29/2010
927546871500,965941061,JXFJ,QPMP,7692,1981,"$11,187.00",50863,5/12/2013,5/11/2016
267123710677,853467385,TUOU,AKTJ,95893,2006,"$18,386.00",96636,5/26/2008,8/3/2009
132348587551,582285535,IBVY,VAEO,128632,1994,"$24,425.00",43089,12/25/2013,9/18/2011
802341564149,753981202,HGUW,QRHQ,85256,1984,"$26,219.00",84724,7/12/2010,7/4/2018
386100592098,560951176,GJKX,BRHK,146667,2012,"$27,120.00",41125,1/10/2006,5/25/2005
626754270940,223122136,FCEQ,WQBM,7654,2019,"$20,537.00",32093,10/3/2010,4/22/2007
586692266125,628230998,NOVA,KDSC,182755,2013,"$20,763.00",61734,3/17/2005,6/6/2008
533910366657,498077745,ICKN,GXYI,149346,2000,"$17,036.00",22496,12/10/2017,2/4/2021
315324098396,350505376,UFUO,QLFV,142525,2019,"$13,128.00",21963,9/1/2011,1/2/2013
662317219592,970530560,VWMC,USRQ,213105,2011,"$21,011.00",26107,5/30/2020,2/11/2010
770344043150,327391035,AEOI,IOAK,92064,1991,"$13,722.00",30742,3/9/2005,6/13/2008
779991483479,605273465,EERA,OVBJ,246659,2002,"$5,898.00",34663,12/25/2014,5/25/2019
721569772808,620185257,FSNI,ONLI,206944,2003,"$18,634.00",85623,1/3/2014,9/26/2018
185800669964,592142849,NJWJ,VPOF,39192,1989,"$27,940.00",20430,1/14/2009,11/14/2014
110754288900,719280533,WIOY,KRQB,54499,2019,"$29,563.00",40419,2/17/2007,6/4/2018
355053159923,276182168,WRUS,SUCQ,230632,2005,"$17,217.00",73057,6/1/2020,5/29/2017
720525230741,692248858,SQQU,TCRD,188897,2002,"$28,971.00",65429,12/14/2020,2/28/2007
288844699726,344263127,BAUW,XUIC,159763,2012,"$27,276.00",82694,11/17/2005,8/24/2016
751289472516,438491634,OEHR,DCNM,134243,2003,"$25,596.00",46097,2/7/2015,9/21/2019
663243738321,431006823,WDTX,XGFA,129276,1984,"$12,035.00",90574,6/1/2014,8/28/2009
215766203179,875178202,SRDI,PJGQ,197131,1990,"$25,712.00",41585,2/27/2006,1/31/2017
480045930909,980750466,BMOC,MKKF,20956,1996,"$7,567.00",16318,7/18/2017,1/28/2007
511823434450,931422698,APKC,IUFW,127298,2016,"$17,379.00",43004,12/31/2012,2/24/2020
267911999618,786297545,GYCE,LHDW,91879,2008,"$16,402.00",11201,1/7/2009,9/17/2020
514290360300,567356956,XQLY,SUMO,222290,1982,"$8,951.00",55822,6/12/2005,7/9/2020
576400795095,247884281,GETD,AEEU,110068,2005,"$29,973.00",40913,12/13/2016,2/10/2009
728858784369,116342173,HGWD,IWVW,91078,2021,"$16,325.00",64026,1/15/2017,6/19/2015
208706464227,918617975,QCFM,UTXM,20366,2005,"$10,996.00",2389,1/10/2017,10/14/2006
239838419101,571729620,UFBQ,RDHX,14971,1988,"$24,843.00",79513,3/17/2017,1/11/2008
997608837816,444832345,BGUG,UAPX,47618,2010,"$27,489.00",54856,1/22/2007,2/15/2016
317478622868,774351040,RYXT,AHVR,23795,1992,"$23,686.00",11232,9/16/2005,7/30/2018
596859704778,273411691,YIPV,IBHT,66907,1994,"$5,502.00",43688,3/23/2018,6/13/2014
909203061002,568625431,FSTK,JOUR,2573,1999,"$24,622.00",10043,9/30/2019,7/23/2018
523383101998,493022672,JBQY,WVAU,129627,1987,"$13,002.00",10097,6/5/2014,9/18/2008
347136290008,169452740,LKHD,ILLD,24706,1980,"$5,573.00",20043,2/27/2010,2/8/2021
488501840629,245036124,NLSK,CEGY,19407,1997,"$15,681.00",74314,7/6/2009,5/24/2006
456746398127,149887134,KRGT,VJEU,44966,1996,"$11,936.00",41036,5/10/2016,5/15/2006
625965262896,983209279,AJHU,SRXF,6264,1992,"$25,300.00",13386,2/8/2014,11/29/2014
438622453519,722208591,OLHC,TFCT,232699,1984,"$12,422.00",33518,10/22/2013,2/8/2014
995711232691,862232195,LESV,FVGM,70042,2015,"$21,956.00",6738,2/4/2011,2/28/2009
527990461499,839027134,URYJ,RLNN,27942,2018,"$13,553.00",63462,4/18/2008,1/9/2008
582719638018,885134312,WWNC,FBSX,177098,2003,"$20,627.00",17816,6/18/2018,11/26/2014
370506066664,903351442,ILUB,JVVK,149251,2004,"$5,277.00",33473,10/18/2008,2/28/2013
145497992138,262223383,KYUO,HLDM,138861,1996,"$15,584.00",13380,3/14/2008,3/9/2012
914415377837,409340026,PMNL,NDDB,22896,1999,"$9,412.00",6698,10/27/2012,11/28/2011
406980064574,911428218,NSLE,VKWW,112136,2022,"$24,726.00",83866,12/13/2009,7/16/2009
529927839371,471249766,IYJG,OCNI,100574,1993,"$10,392.00",35030,11/17/2017,8/27/2013
338029538110,226189461,BKOB,LKJH,222820,2003,"$7,187.00",29158,12/20/2007,1/20/2019
968494139954,164733174,XWLP,LINN,162380,1992,"$6,553.00",21276,11/9/2016,10/10/2007
409250062045,624752096,OTHL,TODT,124770,1983,"$21,540.00",70146,9/19/2010,5/20/2019
654831634938,350258753,RCEJ,LDBA,136586,1984,"$17,872.00",1648,12/18/2012,6/13/2010
287145840070,979034867,WUVE,JETT,240268,2000,"$7,473.00",63897,4/20/2012,2/12/2021
420512111130,866493582,QTJQ,MLBR,40014,2020,"$12,677.00",38398,1/18/2020,10/26/2006
415407304930,365175378,XKWK,XRLG,88446,2005,"$19,939.00",60574,2/20/2018,6/14/2009
692551500114,935765194,EYXI,JBBQ,244437,2016,"$19,542.00",78834,2/26/2020,8/1/2013
248575039531,727173436,XASI,FNWT,229080,2021,"$16,482.00",85497,12/18/2010,12/7/2017
516864910349,273291369,JRLP,WAGI,66754,1991,"$8,950.00",15162,3/17/2009,6/22/2010
723739092245,453394622,HARA,NWIE,238674,1995,"$8,869.00",46964,11/8/2005,5/27/2006
643129000367,816126183,DFAU,GEHB,242509,1991,"$20,760.00",76457,2/21/2018,10/5/2016
654248440017,119476447,PRTS,CDWK,75097,1990,"$25,595.00",17296,4/14/2020,1/26/2009
413296414843,611427596,JVJQ,KWOR,104623,1998,"$13,196.00",89040,7/29/2015,7/1/2018
678436443878,894637878,OPHY,HISE,76494,1989,"$9,338.00",63806,1/5/2008,7/12/2007
464817379210,521722719,ORJX,UDDI,29153,2020,"$10,656.00",51936,4/6/2018,8/29/2013
874727262688,268581869,TWPR,QKWQ,164497,2009,"$20,816.00",91176,3/10/2010,1/27/2012
185934559590,307665515,VLSK,RHIV,247874,1995,"$13,816.00",20320,7/7/2009,8/10/2007
873600116269,867962506,IUFX,XCUP,131088,1991,"$8,480.00",15492,3/21/2010,5/12/2016
293936353883,446992652,GMFB,KVJI,32949,2000,"$10,161.00",59589,1/10/2012,6/14/2015
525991685702,362438377,QNUS,HKSE,11036,1990,"$26,586.00",11784,6/6/2012,9/11/2015
368001314044,697942115,TMOG,IKKP,218995,1995,"$16,611.00",96982,3/15/2021,6/22/2019
978862760876,236141837,UDQC,QAFF,199597,2016,"$16,777.00",45315,10/22/2012,4/23/2008
771573267910,742577430,HCFN,HWUC,237941,1990,"$12,210.00",35037,1/22/2021,8/19/2010
221706336184,429258788,AAVX,OAPR,179852,1990,"$21,455.00",16544,9/26/2017,2/24/2011
580717718691,871838271,CFSN,EOSU,112071,1986,"$6,165.00",12978,5/28/2017,1/15/2007
995407044983,752450527,WGKW,WHMB,236556,2007,"$24,178.00",70290,6/6/2015,1/17/2010
475583286770,741611680,KIJF,EBTS,14128,1998,"$8,740.00",77764,2/16/2008,7/13/2007
947563894834,992982843,KBPA,TNUT,98638,1986,"$15,517.00",61284,9/13/2019,3/11/2005
703195047427,124893203,DODK,MLES,3840,2011,"$5,625.00",7859,6/22/2006,2/24/2013
909460365574,672395448,BRNB,YOYA,248537,2010,"$19,463.00",46156,1/4/2008,9/4/2015
327923533735,466704067,NJLT,WMMG,210472,2022,"$14,430.00",79851,5/18/2019,1/29/2006
500422822241,170900710,HVYN,DFGB,165599,1982,"$29,369.00",21808,2/5/2014,5/3/2010
717996974252,368680811,JKVE,WLDI,179164,2016,"$23,505.00",73425,12/13/2014,2/14/2009
809272786247,100803466,RPGT,VJNY,213779,2011,"$29,698.00",32895,11/15/2014,10/17/2011
284562861811,862302311,PVHC,EKJM,78802,1989,"$22,656.00",24333,7/28/2006,2/15/2007
591692640873,420263562,OUPC,CWKM,175498,1983,"$5,755.00",78111,12/24/2009,5/6/2019
576577572306,192022413,BYJE,PGBF,201776,2013,"$28,603.00",91355,5/9/2010,9/22/2019
871135451398,117664676,AYTH,YWEA,22548,2002,"$8,054.00",2672,9/22/2006,12/4/2009
718041256578,610904997,LWME,WUEE,199347,2019,"$14,806.00",42793,9/13/2008,2/4/2018
861783698312,336509199,XAHL,EOTT,238518,2016,"$17,758.00",39808,12/11/2006,7/1/2018
251944410228,775792706,LAFP,HSET,236865,1997,"$19,283.00",64672,1/30/2012,9/16/2009
800172141911,829743791,WMDL,JUJT,191998,2010,"$23,567.00",69315,11/30/2018,12/30/2014
671209590678,220977180,KFAJ,ICFB,196980,1996,"$14,922.00",78514,9/20/2005,6/20/2010
290427090727,242155707,KOJT,VIVK,32400,2001,"$11,546.00",78818,10/21/2014,12/18/2012
684665337572,738482581,XWAO,CPFR,236509,1989,"$26,080.00",45516,2/7/2012,1/6/2008
432438428419,989210050,JPEW,MSAK,175061,2021,"$10,640.00",21294,3/24/2014,11/28/2013
394762824140,819446506,YYYA,PSBI,86978,2012,"$12,596.00",48872,7/31/2017,7/24/2008
216282871943,282467578,YYGQ,DVVK,234516,1980,"$12,253.00",58571,3/12/2013,1/29/2008
482732612433,630014535,NPFB,OTMX,217976,2021,"$7,090.00",41797,9/8/2015,9/29/2020
966287417381,805399608,JTLX,LSJD,135727,1992,"$19,225.00",8577,11/10/2015,6/30/2005
580886438012,442300611,LJVF,JRRW,126771,2005,"$18,239.00",38656,3/17/2012,11/3/2007
898493722799,861673961,ERPG,DJLV,222100,2000,"$28,519.00",87695,7/11/2006,11/20/2010
705816849096,797263359,NYPE,PMYY,10688,1980,"$13,669.00",6159,12/31/2019,10/24/2019
593012743715,151312652,PMYI,EHPF,238696,1984,"$18,648.00",67889,10/29/2011,12/9/2007
370668135651,493076998,NCJJ,YXYA,109125,1993,"$16,070.00",84623,8/26/2017,8/6/2018
762704172040,611819983,DJON,DKOD,188870,1991,"$14,570.00",80602,10/2/2008,1/12/2010
650088345900,916317054,LHWL,EUPL,186952,2014,"$19,687.00",72073,2/4/2008,3/4/2021
639455049848,732560596,FOJR,TKJC,133943,2014,"$24,003.00",70536,1/19/2010,3/10/2020
843883935738,730930004,XVYU,FRRV,212256,1996,"$16,671.00",30794,7/16/2017,9/9/2013
974553598230,485257263,BYEE,CAIW,169660,1994,"$13,517.00",77352,5/24/2006,8/14/2017
151052628300,223719566,AIEK,DGQF,243637,2002,"$21,047.00",3970,4/27/2015,8/28/2016
518558549495,843217152,BJTO,RFOT,28252,1996,"$8,861.00",42336,6/7/2013,4/3/2014
496349472276,557479919,QLCR,AURG,80623,2012,"$7,539.00",43903,3/17/2021,4/20/2006
374765044704,101331182,LJFU,GGTV,112463,1980,"$11,693.00",60876,12/7/2008,3/27/2008
638741810119,281769496,MYCU,AQHL,117653,1996,"$23,182.00",70938,7/7/2008,2/7/2017
407790907492,580390285,FEUK,LTRT,249112,2018,"$16,827.00",36145,6/27/2010,1/18/2015
672234722526,694793565,QSUQ,SVNN,168510,1990,"$6,828.00",78881,8/5/2011,5/27/2012
991689495605,557997902,AMIB,EOTF,16539,1986,"$6,456.00",10850,3/13/2007,10/16/2015
812122336503,881405344,CBHQ,UAHX,194402,1997,"$17,979.00",36880,7/4/2015,12/8/2014
239889395993,427320322,COOD,UAGL,224671,1996,"$12,092.00",34034,11/23/2012,9/1/2020
546572283739,785614607,DSRJ,DLUP,155069,2001,"$17,413.00",75369,2/19/2021,2/22/2015
919529091244,339904688,RFFN,DTAU,173815,2009,"$28,877.00",50467,12/17/2020,5/5/2012
747725091339,320290448,VWFQ,LUYK,206392,2010,"$7,967.00",83900,8/2/2016,8/20/2017
195572947989,243422840,DTRP,VJHY,117653,2021,"$15,770.00",18391,3/7/2011,7/14/2008
646646263396,601357626,YDHS,YCKX,37197,2022,"$5,440.00",47989,5/12/2009,1/19/2016
313450860702,215893523,BCJY,YDRG,242835,1982,"$18,100.00",74819,11/20/2018,10/24/2016
221272484706,793417447,JSHF,OFAU,143866,2022,"$14,603.00",50266,10/11/2016,9/3/2014
333660156341,718933108,YFJR,CJSN,246210,2008,"$10,193.00",79064,1/19/2021,10/31/2006
760030902645,313398175,XXMM,SHNU,236470,1999,"$14,826.00",5485,5/10/2005,7/1/2011
406415468660,320937959,JCVI,WLRI,217965,2017,"$16,006.00",97781,1/19/2007,10/29/2020
200472307901,498884278,YLUN,BRRI,36577,2017,"$9,208.00",69449,12/24/2017,2/15/2015
380458855089,461672317,QALB,TOFM,49705,2015,"$7,792.00",17097,9/7/2008,9/13/2020
201755325873,968836522,EVOX,ILTO,88356,1984,"$26,473.00",96810,10/6/2005,9/17/2008
396784700495,360199830,YRKO,AMJQ,146365,1980,"$13,967.00",18046,4/21/2009,9/15/2016
862167494709,992450657,BRQN,MMFG,135837,1999,"$29,415.00",42582,6/3/2006,9/16/2017
627344125727,583944052,KLKU,KYWJ,41335,1994,"$24,438.00",64695,10/5/2018,12/28/2012
303402389080,213181779,CRJF,GRCE,203148,1985,"$28,593.00",35866,1/25/2020,6/20/2011
990633323742,356192270,UJAB,ACMS,105490,2014,"$13,143.00",84344,1/2/2017,9/23/2015
797675034256,321066275,QHXG,WWYB,202563,1990,"$16,006.00",63045,11/26/2006,10/17/2013
453117120311,248682548,UWRU,VRED,209312,1992,"$19,308.00",65800,12/10/2007,3/9/2020
342907041454,919298166,BBUX,AMNO,241297,2016,"$7,172.00",818,9/25/2006,9/16/2014
908180661322,383962243,TEKD,EMLS,54528,1986,"$5,765.00",34942,6/6/2007,11/16/2008
696417739104,927768452,YOTB,VTIO,234353,2004,"$24,674.00",38993,9/23/2009,2/3/2009
196037589230,915712816,VAMV,FQRX,50042,2021,"$14,484.00",51923,8/18/2016,3/8/2015
455401510259,914473917,AUPC,HQYN,178407,2011,"$18,505.00",38810,5/8/2014,7/12/2007
279869421874,703755684,NWCN,TUXM,176237,2013,"$22,279.00",97082,9/25/2014,3/3/2020
739845975740,448179685,QKJA,DEEB,102518,1997,"$9,530.00",27284,12/31/2016,2/22/2007
749349584166,801345973,XBHE,CXRN,245389,2006,"$12,425.00",3900,11/1/2020,6/26/2013
952661599057,345618686,YLRG,BQRE,137720,2016,"$18,695.00",32359,7/7/2010,12/21/2007
864358225978,505804751,YHNB,TIFK,6092,2003,"$18,052.00",58389,5/18/2018,4/5/2013
995167104756,812292086,OLWR,BMTB,146641,2004,"$15,175.00",577,9/5/2009,1/11/2009
243669726874,127521214,PBQH,PIQF,116615,1990,"$13,428.00",11782,11/10/2006,6/19/2013
631540225453,986364356,VTKO,YJWD,144723,2008,"$23,257.00",99818,6/12/2005,2/5/2012
218057188654,327677226,ARQR,VCDA,208534,2003,"$18,619.00",64078,1/2/2008,2/1/2008
771543923202,124307704,NXER,RFYF,114408,2020,"$26,738.00",18294,2/5/2009,5/4/2005
409783535136,890319256,IERF,VADS,63078,1980,"$22,984.00",32288,11/23/2016,8/1/2005
270232116711,369238791,RQGK,DHEJ,66498,2009,"$28,200.00",9073,9/14/2013,5/1/2006
933824490924,391053838,PYQM,TICJ,152355,2011,"$29,023.00",51382,6/29/2009,9/29/2019
190193714017,718011282,LVJI,EMBS,107451,1987,"$12,606.00",61689,5/15/2007,12/10/2011
886196478864,821910478,QFYH,BUUM,191055,2001,"$5,656.00",96092,12/28/2005,1/24/2007
795294432853,421101589,JXFD,RFNH,3496,2008,"$17,508.00",80958,9/17/2010,3/10/2015
545054970008,531850228,LSVQ,CCFB,37966,2003,"$15,935.00",5724,1/5/2014,7/22/2016
924213395397,175483457,NRPS,CCFB,246411,1991,"$27,477.00",23453,7/22/2008,4/12/2021
247211481392,454863995,SSED,BLCM,246374,2016,"$12,744.00",35654,11/3/2018,4/25/2007
752056342529,390675549,VTBM,BJWY,13711,2016,"$10,567.00",46900,12/25/2005,9/17/2010
560630116388,265275815,BUFI,FVJH,221350,2017,"$15,628.00",11937,12/12/2017,1/2/2010
283976556158,852919502,XGES,KNAY,2708,2000,"$23,937.00",13058,4/14/2020,1/7/2010
179355897556,823232503,GXTE,VLQH,240662,2004,"$10,527.00",88383,1/2/2015,3/11/2009
626381543068,983276940,URRF,ATXO,248624,2004,"$16,844.00",3880,4/10/2015,8/26/2017
756061990418,435723050,WERP,QDJY,81994,2002,"$6,792.00",78245,9/7/2019,9/23/2012
559591696514,378901404,DJDB,WJWA,114362,2019,"$24,086.00",50511,3/30/2021,1/7/2010
526656767272,550940666,LTUO,HXIE,207097,2013,"$14,343.00",79681,10/7/2015,10/30/2006
546705590395,159742224,QHTY,DEES,149882,2010,"$14,125.00",79062,12/2/2019,1/27/2010
896652185472,150305581,LWHJ,WKDP,182020,1985,"$14,424.00",30717,8/14/2008,1/8/2013
383181482216,477676977,DOJM,APUL,246702,2008,"$28,546.00",73194,3/29/2016,12/1/2007
358563468321,484743445,BBWQ,LCMW,92516,1988,"$16,075.00",5655,6/11/2005,11/11/2012
441851521910,914068545,FVOR,RLSB,247410,2018,"$25,681.00",76320,3/23/2019,11/17/2010
509599915552,284415508,QRWI,GQRS,78976,2001,"$29,702.00",11547,12/10/2017,4/19/2021
240636816858,922832924,JRWH,DGKF,181050,2013,"$13,804.00",73180,7/14/2014,1/11/2006
988243250055,626383781,LJME,TTIV,165627,2005,"$28,892.00",16327,7/25/2009,11/11/2006
442333970463,217429582,OCPO,EKGV,152510,2015,"$16,029.00",27307,6/18/2011,2/19/2015
453731652228,277844975,APVR,IHPH,74536,1998,"$15,850.00",65828,12/2/2015,3/26/2006
745019241974,345204741,AIMP,KGPR,21254,2013,"$15,061.00",15688,1/21/2014,3/25/2021
383525549462,806567482,OOJB,NKXW,238845,2011,"$13,264.00",46720,11/11/2011,8/3/2019
990695040934,404998203,TLYQ,LVHY,148592,1984,"$29,350.00",10931,9/15/2015,2/21/2007
357888291022,910818629,CCOH,SDYO,139388,1986,"$21,491.00",68314,9/7/2008,4/1/2007
581929339910,802949393,QFDD,XHDI,21450,2008,"$10,576.00",63281,2/24/2008,12/10/2018
767946867081,621986441,WUXK,BCWM,182965,2016,"$17,305.00",55388,7/17/2006,8/2/2020
569870924258,586401611,OWHU,FIFP,53338,1991,"$9,198.00",36756,12/19/2005,12/22/2005
311993625298,560708809,BEJI,YDSA,23184,2020,"$15,841.00",24236,11/10/2009,11/28/2018
450929304621,271412617,VQHS,MCQH,1608,2001,"$15,098.00",44969,1/17/2013,5/16/2006
905148803141,425859307,QUJQ,OHXJ,217504,2005,"$12,502.00",7815,4/20/2005,8/5/2017
367671371684,280654338,USCB,GBDL,49495,1988,"$12,912.00",10236,6/18/2017,1/7/2016
398441756852,492256512,GGRE,XOUR,52298,2014,"$19,465.00",76359,1/27/2021,7/22/2011
656501052895,625755955,ARDE,PPFQ,147222,2014,"$29,091.00",64521,9/2/2012,12/7/2005
596307570277,322322633,QJJV,GPFR,233008,2022,"$7,750.00",85570,12/23/2015,5/1/2021
970160479883,512058974,JTHG,FOWN,132968,1980,"$18,942.00",10697,3/3/2015,5/21/2010
845678723637,826796772,RXPI,PVPL,16501,1992,"$29,966.00",64256,12/7/2011,3/10/2012
847041960746,770264432,UPPI,HRWV,72936,1982,"$27,359.00",38130,12/30/2006,6/16/2017
297324028989,665493054,FPFM,OUMU,206080,2020,"$5,416.00",11162,11/24/2012,5/17/2013
917059561508,854834133,KITB,LKPU,76587,2020,"$20,454.00",16571,9/28/2007,9/26/2013
970717503859,769287821,DEJD,WVYD,73396,2001,"$9,124.00",11127,4/21/2021,1/26/2010
561043994033,414838923,DOKU,WOMO,42066,1988,"$5,125.00",87986,1/30/2016,9/26/2013
880179464824,305134950,PJIJ,IHUH,137158,2002,"$22,817.00",53248,10/14/2006,3/1/2009
558249989000,481123217,DYCJ,FOLG,186729,2019,"$28,677.00",6628,9/18/2020,10/3/2009
952813489416,145869290,MCPS,DWUY,97585,1996,"$6,509.00",58576,7/20/2007,3/19/2015
115872225939,811383421,ACVL,UTMX,33734,1987,"$6,812.00",95351,11/25/2014,7/22/2005
221162279067,152605991,OXSN,EYGQ,76334,2012,"$16,132.00",17225,3/17/2019,5/9/2011
522035614093,949558004,YTOG,WFAN,115951,2021,"$24,885.00",50825,10/29/2006,8/15/2005
746640757521,919225473,CLMS,UUDG,9124,1996,"$19,526.00",30339,5/10/2016,10/25/2017
366452559867,340630003,BVSK,GGYF,61754,1984,"$17,543.00",34420,12/30/2009,1/24/2014
297597568701,963116285,LFLV,UXIL,237605,1986,"$11,261.00",32119,12/2/2006,8/14/2017
943031727578,769694621,IGAS,MYVI,41952,1980,"$25,380.00",79887,10/31/2012,2/19/2012
200048087912,104205373,LAED,MONK,175745,1980,"$6,176.00",82260,7/20/2008,1/18/2018
568698613631,183401092,PPAM,BJUM,139526,1993,"$24,895.00",66547,8/29/2015,4/21/2006
714261551858,343325211,LSAO,TEYY,177989,2017,"$17,525.00",16331,10/18/2007,11/12/2020
500379286334,891409480,NDEN,JFRH,233453,1992,"$9,518.00",88801,4/16/2007,5/24/2007
388836614720,701952275,LUTB,CCNA,196712,1982,"$24,568.00",87718,3/12/2013,5/2/2015
505652010190,819390601,VADU,XOCH,223927,2019,"$8,503.00",73359,7/30/2018,7/31/2008
660838942645,796913355,LXWB,QVTD,12914,1994,"$25,468.00",41972,12/27/2009,11/29/2018
185440437232,897737452,RVWW,GMRQ,32034,2015,"$6,670.00",86214,3/28/2011,11/22/2013
918989312992,907220805,LBHK,TXYG,226937,1988,"$22,342.00",15181,5/22/2017,11/7/2010
973079714047,771252731,FJWF,NPLB,145584,1981,"$12,948.00",46780,8/5/2005,5/17/2008
122582124988,315005042,VADY,DOHJ,215081,2010,"$19,211.00",20368,7/9/2014,11/27/2009
452213110675,924653649,MFTT,FQMI,147612,2000,"$18,939.00",49037,2/22/2010,11/19/2020
375396253638,520611085,LYXV,SMIR,74168,1983,"$14,746.00",77755,12/27/2020,9/1/2014
775666657828,452119140,VLKC,PNSG,179992,1997,"$29,740.00",34234,3/16/2015,4/19/2017
627756694447,803180341,XTTP,JGXK,118786,1994,"$16,954.00",99753,12/22/2012,8/16/2017
503409793508,991944979,UKMI,EYHQ,194933,2019,"$22,661.00",79542,11/25/2015,8/12/2017
315357054264,115124526,MKXK,TOGA,218636,1990,"$22,026.00",73350,12/4/2008,8/20/2005
454961935244,380622285,OVPD,TKSU,51640,2017,"$7,351.00",58040,9/3/2008,5/12/2011
117508656753,812303864,PCKJ,DYVE,110388,1988,"$15,238.00",280,9/13/2018,7/28/2007
130477180804,205587309,QJWC,IFPY,164453,2021,"$17,941.00",90915,1/30/2005,5/8/2018
715005875708,664747129,EABG,SRVD,56529,2021,"$10,200.00",88454,10/9/2009,7/13/2013
755880323082,399084586,STIJ,UODU,241694,2013,"$23,972.00",89468,4/21/2009,8/25/2010
666464721123,406510643,JGWP,MMDL,202074,2012,"$28,561.00",11148,2/18/2005,1/6/2021
156791126058,883937976,NSQY,WPCJ,13999,1999,"$6,983.00",66369,7/12/2019,12/28/2015
677292479181,441691648,TREJ,RUHS,153094,2007,"$19,015.00",8582,3/18/2017,6/17/2012
239831443713,867740377,NIHD,ERLO,86787,1982,"$21,051.00",59960,11/2/2020,12/8/2015
965677176468,858427966,RGRP,UQNU,92658,2004,"$10,734.00",40027,5/22/2010,11/4/2020
729842504287,867573964,KNMF,FUIM,69853,2000,"$28,546.00",46881,7/5/2020,1/11/2019
601265964047,428480987,FKHK,FUDQ,46910,2004,"$17,087.00",64032,4/4/2021,1/23/2016
169442923450,610689415,GYBF,IKGI,160202,1989,"$6,793.00",34702,7/7/2016,3/24/2013
503451484996,309075010,NHSY,AQAL,87459,2002,"$18,182.00",35861,10/22/2010,5/1/2020
270437410585,195749434,WSEF,ROFV,83292,2005,"$7,619.00",3033,2/28/2021,4/21/2019
294145931941,871230811,JANG,AGBY,187146,2011,"$21,809.00",40954,3/10/2009,3/8/2011
522363331927,357737902,CWXF,ESMV,25011,2000,"$22,445.00",57044,4/17/2021,11/7/2020
344144993146,167870824,KKWX,MUCQ,42614,1991,"$27,992.00",2754,1/19/2019,8/16/2008
914766426491,271216702,FICD,MRNI,7161,2018,"$21,374.00",37598,11/24/2012,5/9/2018
780029800650,721290125,CVVT,BUBV,174175,1991,"$10,578.00",4506,6/23/2009,11/22/2007
639775704681,560364884,VAPV,CXCX,136783,1984,"$20,606.00",96172,2/21/2006,6/22/2005
210200774402,856793963,XRTK,MPWA,46370,1994,"$5,136.00",84833,6/25/2014,12/30/2006
878655609386,189548900,HANJ,TPGB,169750,2002,"$9,441.00",47214,3/4/2017,8/25/2011
822072514139,473824477,TELK,TIFY,101989,1984,"$5,318.00",13517,7/27/2017,5/7/2013
779021325229,759758920,ALUQ,NOHQ,225095,2018,"$8,831.00",94991,8/5/2007,2/4/2007
218482011319,121975838,BIDQ,LYXR,188007,1993,"$23,729.00",29832,10/2/2007,8/4/2012
232392748341,679122093,LOLY,PAWD,209101,1993,"$18,894.00",43881,9/26/2007,1/13/2009
828588484795,513977260,JFDC,ULDB,198245,2006,"$9,051.00",54129,4/5/2008,8/25/2006
619128561334,250202120,VLUF,WMSP,140405,2002,"$13,447.00",20370,11/21/2005,12/3/2006
108397698124,945872898,LUWR,EXAQ,153025,1986,"$11,568.00",32556,12/28/2009,11/22/2018
299230615072,283559364,RGDX,EILP,158893,2015,"$21,608.00",99993,7/3/2015,12/25/2019
457763959216,423919932,HGDN,YKQS,197617,1987,"$11,491.00",83700,1/28/2010,12/13/2017
363060914661,812035537,FJUH,YDCB,127814,1984,"$17,882.00",63685,6/3/2015,4/25/2008
426360994025,793650804,PXPR,PRFX,71173,1999,"$5,518.00",18518,1/10/2016,2/28/2008
281000156244,119708500,FFGE,QJRP,1225,2008,"$24,306.00",34219,10/2/2007,12/23/2009
870531254120,187403580,NKEG,PCFL,62389,2003,"$10,255.00",55641,10/23/2014,4/11/2018
691142469215,185021752,SSHM,UGHP,143843,1980,"$26,780.00",26018,6/28/2007,2/15/2008
298798098958,918527829,OKGT,FMKQ,39690,2001,"$27,459.00",52721,5/22/2010,6/30/2019
470223827374,361120029,LHSP,UJXG,223919,2003,"$9,200.00",99803,7/6/2008,2/27/2009
106644329798,752349179,SGPU,HVQX,21834,2018,"$15,282.00",90875,4/8/2008,12/7/2012
946389422558,915128153,AYDE,AFOG,214664,2022,"$26,835.00",49441,3/6/2006,6/12/2010
134225429390,732561900,XTBR,OQAP,244849,1996,"$16,617.00",48886,2/17/2005,2/23/2009
529701754380,429511383,QVFW,ORWF,42461,1991,"$21,095.00",71723,1/9/2007,7/19/2006
375108907372,776565065,MCHW,QMSL,150011,2017,"$16,511.00",72253,6/26/2014,2/8/2012
674370095658,135585449,NHVQ,QDAX,217128,1980,"$7,584.00",23469,9/7/2008,2/18/2012
843839293529,521729888,DBDL,JWSB,176552,1993,"$9,149.00",10391,7/27/2006,4/7/2006
407749476759,424847702,WXBD,UUKY,106369,2008,"$29,749.00",54586,7/30/2007,2/29/2008
456858129857,286856138,OGCK,YLYS,121027,2000,"$23,662.00",64523,11/11/2006,6/28/2014
897735585771,336534090,ALJI,ERUX,48546,2018,"$20,378.00",4075,4/30/2017,1/2/2017
659612815755,147135710,CXIF,WWBD,9232,2005,"$14,690.00",55780,12/5/2009,12/17/2013
310099082984,288439325,KLFN,MNFH,127484,1998,"$19,511.00",49334,6/28/2011,2/4/2021
414928493278,927589718,IAEN,OSBW,114747,2015,"$7,250.00",4361,2/25/2019,4/13/2015
778707978818,336652422,TFCV,PNBL,226410,1982,"$16,334.00",31594,4/5/2007,3/27/2008
259070464580,327796773,GIEK,BLMY,136778,2020,"$27,453.00",68889,2/11/2014,12/18/2011
667931919259,172850487,QOPQ,UEBY,197737,1993,"$16,551.00",23494,6/18/2017,9/9/2008
495378702765,361208805,DLKY,DGPS,110102,2003,"$6,567.00",62465,5/3/2018,6/6/2009
711582277336,894867768,QCPU,FIKR,19147,2019,"$14,421.00",23377,3/10/2008,11/21/2014
676711720054,244697239,VYLF,MJMU,3524,2009,"$26,162.00",66464,2/25/2010,7/17/2007
725593352469,687433441,KKBU,QKOK,126965,2015,"$7,498.00",27105,8/8/2019,8/10/2012
680807527212,810234460,ABWV,PTCB,194933,1985,"$23,434.00",52902,12/22/2011,7/1/2005
391692959730,890584010,OUHY,JSCA,193583,2001,"$8,677.00",47242,4/18/2012,12/4/2015
993480780493,840659258,PTED,IIKE,76653,1984,"$12,739.00",94638,2/2/2008,4/30/2010
521246915642,398946376,XQAE,FIHO,201665,1981,"$6,913.00",84465,9/24/2012,10/7/2016
127565165192,497974864,DYXV,FKGM,116296,2015,"$14,992.00",53600,12/13/2014,10/24/2013
127315266614,856815454,XRYD,ROXV,35951,2007,"$29,220.00",52574,3/21/2017,2/17/2005
247730390831,716071915,OLKV,NMVB,101438,1991,"$14,191.00",49676,11/29/2018,2/15/2008
449057538546,992983568,URYU,AJAW,249956,2014,"$19,855.00",70392,3/31/2019,8/20/2012
777615584948,853458951,PJIG,GSBJ,21725,2004,"$9,657.00",6346,9/13/2006,8/17/2005
896616466183,772199598,SXHS,IGMQ,193237,2013,"$24,923.00",47341,3/9/2011,8/30/2013
203803226279,936630866,RMJI,EWFW,19906,1997,"$25,606.00",68117,2/28/2008,5/3/2020
372450099205,243840202,CNHM,RWPI,182637,1985,"$19,714.00",48998,4/4/2015,8/27/2019
786495888743,595038767,HHPB,OIKB,14760,1989,"$22,625.00",84614,3/4/2019,8/9/2006
203041095569,805067983,FDGV,BNNL,177089,2012,"$11,545.00",61349,3/9/2006,6/1/2005
647655475090,275979885,FJWI,MLMV,54420,2007,"$29,496.00",46799,10/26/2005,1/1/2021
304572048059,897954219,FHVJ,PCJQ,111916,2016,"$20,617.00",12793,12/21/2011,2/6/2008
249931769868,496655314,QOAR,YYWB,201443,1983,"$16,001.00",53231,11/24/2007,3/12/2018
249409405899,755586644,LCDX,VSLL,219779,2002,"$27,651.00",28734,11/21/2014,4/5/2013
152872562777,213508818,USVQ,LILT,63569,1995,"$12,987.00",34160,3/30/2007,4/18/2019
584295665447,749211952,QNMW,AORP,154302,2020,"$17,947.00",10446,9/22/2015,3/6/2011
843406759156,970938313,QKGP,LGRX,149098,1989,"$8,722.00",95109,3/27/2008,11/27/2008
433527326597,260434191,LJAG,NKVN,147502,2000,"$11,882.00",56000,6/16/2015,11/26/2016
674978573416,895550734,SXPI,EGBL,179565,1985,"$19,527.00",80842,6/10/2013,2/3/2011
253927325763,373173580,DBNU,XXUL,138182,1988,"$24,970.00",92636,3/12/2014,1/17/2019
111345788922,574111306,WRYQ,KYGC,62915,2021,"$17,901.00",47242,6/24/2006,1/10/2015
566250979758,408568441,BYKS,ISNJ,21804,2000,"$9,028.00",15810,7/18/2013,9/14/2020
787115230663,146834445,SBNJ,MNVJ,203004,1986,"$15,823.00",49797,3/30/2014,3/10/2016
688248668941,191669599,DLRV,AEOG,149823,1981,"$23,112.00",37169,3/31/2010,10/27/2009
855562285314,849099054,OFDO,IUGA,71294,2020,"$6,134.00",70597,8/27/2006,3/4/2010
126718246297,966338482,NOPO,NGER,189106,2011,"$28,831.00",21324,12/21/2013,8/19/2017
265969122199,388286611,RRJJ,LEGF,198469,2000,"$27,729.00",63937,10/7/2010,5/16/2010
533596279419,759238332,UMCQ,PGAW,179861,2011,"$18,171.00",36880,7/8/2005,2/24/2021
776231100173,575285282,XSVN,PTLL,211904,2003,"$18,626.00",76749,1/30/2018,4/2/2021
698854487703,225532268,YHEM,XAOH,208050,1995,"$20,679.00",91023,11/7/2005,1/17/2005
273249475199,977141159,ECTR,IHML,29954,2007,"$25,652.00",12839,8/11/2010,7/2/2018
490393471167,198519461,PXED,BKPM,39897,1995,"$29,629.00",46875,9/10/2017,11/26/2007
612887754361,586044350,IRQO,DAOF,114696,2007,"$19,667.00",47829,10/15/2007,3/8/2020
878279045878,568905555,COWI,IMTU,171926,1993,"$14,193.00",9787,10/19/2010,2/15/2016
855071384369,535801981,WWBO,AUDV,122499,2019,"$20,860.00",49062,4/24/2014,4/15/2005
912879980585,462987986,DEYA,FIYJ,241448,1991,"$10,288.00",91219,4/2/2011,6/30/2005
517818061701,248471128,QYNC,RKDU,170880,2006,"$5,132.00",15776,1/12/2012,5/29/2009
899383337476,394321418,EVES,XAON,15502,2002,"$10,157.00",28374,12/25/2007,6/13/2017
699273890524,477018030,XNFW,FOSB,113728,2021,"$18,734.00",79404,7/4/2017,5/12/2006
305742294591,472307507,INPV,HLUD,169345,2004,"$23,641.00",23464,3/1/2013,4/14/2007
769690310717,573659613,WARF,ELKT,217985,2006,"$26,198.00",11892,4/26/2008,7/6/2005
908621783893,250835342,IKSV,UGTB,131393,2017,"$13,448.00",20577,8/9/2016,4/16/2006
249003923449,564668184,RACQ,GSCX,170236,2006,"$13,640.00",96676,5/29/2012,9/18/2006
368929471548,548101292,TDRR,QAEQ,64670,2002,"$21,742.00",20250,1/26/2019,9/13/2013
601395175881,840431045,LIMJ,OXNT,119725,1992,"$9,361.00",58348,8/24/2008,5/23/2011
101950120973,517893930,RTWH,ERDM,140514,1989,"$29,404.00",34916,3/16/2017,12/23/2016
169822330856,971817175,WILE,CFCI,214880,2005,"$27,578.00",3604,1/7/2016,9/28/2015
479146192053,676084278,MRYL,VELF,210409,2011,"$16,872.00",62710,10/15/2011,4/12/2006
472797550914,770588402,XHPN,XUDJ,191301,2018,"$24,234.00",49550,10/4/2017,10/6/2013
151866172110,602271468,FJAC,SQUE,101288,1988,"$22,552.00",36104,8/26/2020,11/1/2012
707139509985,910690730,EMAD,NYQJ,2053,2012,"$16,181.00",51996,7/18/2018,4/28/2021
599346954734,634268157,XOHF,IAKA,102344,2000,"$25,944.00",26513,12/22/2006,12/16/2006
966466808083,589574732,UYFS,DFPN,128151,1987,"$8,277.00",63183,9/21/2020,5/30/2008
772652296907,336451416,GYMU,VGSM,171985,1999,"$11,711.00",30398,11/6/2007,12/23/2011
450963407529,612833223,TARI,LVHY,1010,2007,"$15,969.00",57565,4/10/2007,8/12/2010
576012192304,356347073,GCHS,NGWL,167153,2012,"$12,424.00",58124,12/31/2016,6/27/2019
622441250517,542838869,CWYL,HJBC,199963,1980,"$6,815.00",48260,6/12/2007,11/28/2006
111188175039,736866138,UCYU,WMGC,142005,2022,"$23,301.00",8534,8/31/2005,1/5/2011
545743841873,131947676,TXMY,WLGL,109094,1996,"$10,958.00",53582,6/8/2010,7/23/2007
818069429715,844390149,UUVH,AHQR,4233,2017,"$6,540.00",62237,12/15/2019,3/24/2021
256695091593,915262499,IFUA,INDN,43874,1984,"$27,199.00",60651,6/5/2010,11/4/2014
505097244010,820740912,NEIL,HQSW,147959,2008,"$20,083.00",20085,7/2/2008,4/28/2016
144522740498,926782538,KNXA,RVVS,28536,2001,"$29,883.00",15027,3/27/2012,3/17/2014
651029245901,605612109,JGWT,FVTI,57623,2013,"$25,659.00",63291,4/28/2010,10/2/2019
127214687658,518678504,LBIW,CEIV,54442,1982,"$12,970.00",55329,5/17/2013,12/15/2009
720009792510,586244733,EANT,UURP,32121,2002,"$15,693.00",13926,8/2/2010,4/14/2016
108650752700,456917068,CJCC,QSEA,39116,2020,"$22,311.00",18980,12/15/2006,3/29/2018
305238007232,564262685,SOFI,QSLH,12218,1980,"$18,032.00",32626,7/12/2007,9/29/2016
721454605676,370811220,VOAG,HYWH,25879,2002,"$17,221.00",98987,8/15/2020,3/30/2006
163369881472,732232933,GRHT,MSKO,132210,1991,"$26,031.00",40859,10/9/2018,10/3/2011
297006015614,790410932,EDWA,HXSD,69551,1981,"$27,878.00",6685,6/5/2011,5/10/2007
928106578074,591569897,OMQI,KGEJ,91639,2002,"$14,558.00",92053,2/11/2016,11/8/2006
639431508024,287895319,KNHA,QBYC,190530,2000,"$19,121.00",36664,2/15/2005,3/22/2006
273483022516,231073189,XWAL,SKNH,145459,2003,"$22,001.00",16565,9/23/2009,5/17/2021
971952645020,779021716,XUDL,IBXX,155963,2010,"$22,705.00",78077,1/29/2015,3/7/2015
206755797702,304191996,GMBP,PBCS,17263,1991,"$19,790.00",14498,5/24/2006,4/22/2013
737827665995,452780250,SGKL,KFOX,31280,2009,"$8,775.00",31695,4/23/2021,5/2/2017
999396217637,170878989,WTBD,IJAP,235651,2001,"$9,159.00",85669,3/2/2019,4/24/2013
973200982774,304057402,TNWV,NQGS,142143,1995,"$25,846.00",80498,3/6/2009,9/27/2006
949727052669,304777178,LWVC,FEIL,236385,1993,"$5,216.00",42826,12/18/2016,6/4/2018
382214401351,400503558,MPUI,XEXK,64866,1997,"$13,127.00",99560,6/18/2005,6/8/2013
219721071975,251931279,TYHU,LUVB,118108,1993,"$18,512.00",11051,8/13/2019,11/26/2018
875283668457,233919091,TAUK,FNYQ,245626,1983,"$26,238.00",49913,11/8/2008,3/22/2008
804237771270,577000098,UQFY,BWUH,56968,2016,"$9,737.00",39124,12/20/2011,7/12/2009
226868230899,784116548,ORQM,CTJN,112622,2017,"$24,645.00",73088,1/25/2015,4/10/2019
296655668265,356151398,LHNV,MCMX,83646,2000,"$24,120.00",36414,10/1/2020,7/20/2011
849536506583,463002497,XKGS,JJFE,202771,2013,"$22,219.00",25168,1/9/2018,5/19/2019
378919200704,401838177,QQYW,APLP,116176,1993,"$29,343.00",58403,3/31/2007,6/4/2017
204641621443,244972287,TKST,LPSX,211255,2006,"$24,898.00",69000,8/12/2015,6/13/2009
625230087546,108194918,SVSJ,YDQJ,189121,2021,"$7,151.00",34735,8/3/2013,2/24/2008
597274198508,620865088,ESOB,NSDG,47152,1987,"$26,145.00",83619,5/2/2008,4/19/2012
601055560635,931870765,ITBU,NIBB,118719,2013,"$15,219.00",13081,7/11/2016,5/18/2007
362963047368,113736096,CNNR,MDIT,207635,2007,"$16,959.00",73941,11/15/2015,7/1/2008
717195324327,812068830,IKAF,HKFU,29567,2009,"$12,757.00",60323,12/13/2006,4/23/2011
407276945468,950429161,AAON,RGLX,248572,2015,"$26,010.00",39977,7/20/2008,12/5/2015
262050631647,146028540,DSTC,BUWX,6059,1989,"$21,932.00",57572,8/24/2017,5/16/2020
226279438729,711054584,KHPI,DKGL,72448,1990,"$18,736.00",31882,8/7/2009,12/24/2018
253994360163,778130623,UFVO,TSFF,200814,1984,"$20,428.00",68079,8/15/2014,7/10/2019
517754464494,654479012,PVSY,LHDN,125886,2017,"$14,277.00",9217,3/7/2019,2/16/2008
195180301962,708489721,GJKB,BNME,163707,1980,"$29,822.00",75950,2/10/2008,8/23/2008
800117550615,900120532,GRJB,SLOB,157776,1998,"$24,000.00",94186,3/19/2011,7/1/2006
153899433102,751910574,WMXG,BKAA,3159,1998,"$20,542.00",49932,2/3/2017,6/1/2014
530629709354,400824155,BHRJ,JTMB,149717,1996,"$16,293.00",59207,3/23/2005,5/3/2020
185646071909,972315078,UUVP,WTFV,6132,1989,"$8,499.00",99854,5/16/2013,10/7/2015
757428751822,967295878,HTVJ,NUOI,218326,2019,"$8,852.00",88673,7/5/2019,7/6/2005
124668295536,118405303,YDYJ,BMSB,21910,2013,"$9,429.00",65506,1/31/2020,3/21/2014
834285714911,458238470,SXHH,AFML,74769,1983,"$26,797.00",68947,5/14/2007,4/28/2014
634526786859,600932115,TDNR,EOSE,104338,1990,"$16,171.00",18699,9/20/2006,12/28/2017
563995201477,171506673,PQWJ,BGYS,7084,1995,"$23,839.00",74615,5/7/2021,12/8/2017
214967212171,883322506,TSLY,LHLL,161564,2008,"$7,608.00",11718,5/10/2019,7/26/2010
239844345599,107648447,RUMX,KHJC,88164,2021,"$17,986.00",64326,1/6/2005,2/25/2008
485433318641,928724346,NCGS,DNEM,23734,1994,"$17,505.00",69725,10/26/2014,4/24/2012
706413926983,508299182,DIVX,FLGY,193627,1980,"$15,713.00",76907,12/14/2009,1/26/2019
635328178042,226214357,HHFA,MYEC,238968,1980,"$20,806.00",84340,1/17/2006,2/2/2012
725596775332,736032257,MHHW,JRKW,55705,2019,"$16,577.00",24870,6/19/2005,2/27/2006
575501906732,745750515,FUKL,KQQO,27795,1980,"$25,975.00",11554,7/27/2005,6/2/2009
883537849366,880247113,BHYA,MPAM,197161,2022,"$18,131.00",34539,7/8/2013,1/8/2015
592551757182,279518228,THYX,ILHG,103075,1999,"$25,994.00",33470,1/9/2011,1/15/2012
214381224596,674104408,CKKP,GYAR,51436,1981,"$10,049.00",42156,10/20/2005,12/8/2013
890820091800,571013218,XYGL,RBFN,15887,1987,"$9,887.00",91610,7/15/2007,4/15/2020
410242004788,751825802,RWRQ,RIBI,232691,2021,"$12,163.00",55991,1/5/2014,6/30/2006
570236892858,412231466,IYRD,UGQU,31788,1992,"$24,967.00",4390,1/11/2017,7/30/2018
979504299931,183098989,SSQV,ICHL,52216,2015,"$9,043.00",63405,12/15/2008,11/2/2009
390460481455,273716357,YYGN,XOXN,24785,2016,"$19,824.00",15211,10/29/2016,7/19/2013
360995744551,793920254,QQTK,RKXG,91324,1983,"$10,605.00",47364,2/4/2006,1/14/2020
792513773186,287278105,YKWT,RSJR,188957,2018,"$15,898.00",85495,5/15/2018,3/9/2008
986227913213,230828105,DUOL,MWMT,129274,1980,"$13,468.00",72221,9/5/2009,3/25/2017
713004690362,612594563,BKQY,SHTY,6661,2011,"$23,834.00",12013,12/5/2014,1/6/2019
749960403236,690809079,GDXJ,YRHB,200855,1988,"$14,481.00",67783,11/21/2007,2/19/2005
228074627043,917582852,WOXF,JMLS,166798,1997,"$13,928.00",55774,5/3/2007,8/14/2013
427894793066,322679966,DDPH,CHBT,230876,1997,"$29,447.00",42533,12/13/2012,6/6/2017
894771956581,789668181,HMHV,MFOH,40728,2005,"$25,532.00",74212,11/22/2015,5/2/2012
104195022246,790767639,RAMM,YXCB,46238,1983,"$26,045.00",71030,12/16/2013,4/3/2018
327242736163,667449716,WGVG,XTPU,114914,1991,"$5,055.00",35705,5/7/2016,7/24/2014
208441273943,369334715,TPXP,SITQ,186295,2013,"$12,629.00",51479,12/16/2017,10/10/2015
509924153147,656671222,RXEP,MLNM,203323,2017,"$14,190.00",10085,12/13/2006,9/29/2016
537041142618,230359706,NIQP,FAFB,140452,2012,"$29,807.00",12382,12/28/2020,3/2/2020
336088855246,433049482,VCRW,VHDL,180560,2016,"$18,538.00",97556,4/14/2021,6/10/2007
156346494131,179714263,GURH,HWHS,144272,1998,"$20,807.00",52357,10/9/2019,6/6/2010
789200464229,269919614,QUTL,NSBB,228914,1993,"$5,025.00",16297,3/9/2008,9/30/2019
669870752532,852036723,FIRP,OQPF,110573,2005,"$21,830.00",35260,7/22/2014,8/2/2010
398498872594,388652488,AGYO,DWFU,145038,2013,"$26,543.00",83684,6/20/2005,11/20/2018
828993746758,965045382,WKWV,RNSW,35999,1997,"$19,950.00",89640,10/29/2005,12/24/2010
886242434491,462531416,MPYN,CNBV,103439,2008,"$22,149.00",22979,1/22/2010,7/2/2018
682119969485,764840802,NISS,TSAM,138575,2016,"$27,609.00",3583,2/20/2016,10/26/2019
339616583802,403700051,LGUD,PVAV,52921,2017,"$26,017.00",14767,1/14/2010,6/30/2008
880969369736,327904253,TMPD,GOVM,48476,2015,"$28,015.00",84733,8/3/2015,4/7/2007
738302006815,991680343,CRJC,QKMC,106394,2004,"$6,053.00",6575,9/23/2020,6/7/2010
791894029026,868807464,MYMM,KGEB,195483,1980,"$25,317.00",12591,11/29/2019,11/16/2011
422228986120,419889890,VQJO,DWHE,25309,1984,"$26,613.00",43819,3/14/2012,12/30/2006
825001522959,388723248,FGWO,SOFT,58760,2000,"$24,885.00",33276,3/24/2016,5/20/2011
611582100788,922958443,YMSI,HANO,29315,2002,"$17,111.00",97299,12/17/2017,5/4/2016
482418156918,875090304,VVMV,GSKA,35038,2017,"$9,131.00",93457,12/14/2011,1/13/2012
781432138778,527158122,NOOB,VRQT,48468,2021,"$10,040.00",26397,7/2/2011,12/2/2014
710041058327,971479401,DGBS,NGSY,200252,1984,"$29,823.00",32663,10/24/2016,2/15/2005
630541466625,433943090,BING,HGYY,104634,1998,"$6,243.00",30345,5/2/2021,8/2/2017
893220754465,205880505,DJMM,SDEK,149962,1994,"$11,631.00",25117,6/4/2016,8/29/2017
972309338099,692772210,PIGS,GLOR,118011,2007,"$15,384.00",32551,10/22/2012,1/30/2010
177412927193,730147278,HJQT,EJMP,27633,1992,"$24,656.00",1924,11/18/2008,7/16/2016
965202534222,354708309,TERI,DDAA,122423,2020,"$8,876.00",2991,2/8/2011,12/6/2005
389175485858,550869598,IYHP,BLKR,49209,2010,"$29,971.00",80517,9/15/2006,4/27/2006
310373330921,678706343,ISYI,IMAN,186270,2004,"$16,802.00",21936,7/13/2015,12/5/2013
733017326474,547986944,HAUN,OGXL,37513,2001,"$6,729.00",65149,7/15/2012,1/10/2018
190832804771,914289859,KMJC,PRMG,205187,2020,"$13,265.00",3384,2/15/2018,2/1/2021
205390522364,990305391,BJNI,HSET,228391,2002,"$17,650.00",63924,4/16/2013,6/3/2015
645168590996,729052997,TRSX,OKMU,147591,1985,"$19,461.00",39841,9/15/2013,8/24/2020
691235273498,782851624,IEBM,RGBU,193136,1982,"$15,343.00",44385,3/17/2005,5/28/2013
940327847949,829007819,JOBM,FWPK,109704,1997,"$9,538.00",70983,3/23/2020,1/16/2021
641422191403,568615767,MTYK,DVFD,229642,1995,"$12,230.00",40887,2/26/2020,8/1/2012
583699450696,421430931,KHPU,DBGF,113095,2017,"$6,781.00",69036,11/30/2019,7/12/2010
904494700875,663437085,YVBI,VACQ,204746,1988,"$13,982.00",48244,1/19/2010,10/14/2007
741205360402,151070388,NVPB,RHUG,123907,2022,"$16,124.00",33535,6/16/2006,11/4/2020
844403822868,517126724,UMCR,QNKL,9795,1987,"$19,245.00",23140,9/20/2018,11/26/2005
672244054935,154182484,LDJR,MSLM,223860,1987,"$26,826.00",89925,12/29/2017,3/8/2005
591378022041,263758870,PGCL,UKKT,25316,1992,"$28,173.00",48426,6/28/2009,5/6/2021
566327452139,794026692,AFRH,RTGK,227892,1992,"$5,745.00",40932,7/28/2009,12/12/2017
677418130721,979576204,YPUT,SCOY,178673,2016,"$13,927.00",46983,4/2/2017,12/29/2019
152634094016,984609651,TNQK,UTPS,217586,1980,"$8,152.00",59874,11/26/2016,8/10/2012
415703815199,896131212,TCCR,CLRR,238394,1985,"$10,184.00",7951,1/16/2018,4/15/2016
730299633826,765406201,VXAJ,WCOF,91491,1991,"$13,861.00",82423,9/14/2007,6/28/2006
916805348361,689926473,LNLK,QYUY,115644,1992,"$5,074.00",75577,11/6/2012,6/16/2020
732224293287,942580763,KLPQ,KFGW,155553,2006,"$20,580.00",21436,3/22/2021,6/15/2016
449190576170,266535076,LBDT,BVIE,33762,2005,"$27,135.00",62074,8/10/2009,2/16/2013
131952736631,866276766,OJBE,DLHU,19260,2000,"$8,212.00",30371,9/4/2014,11/21/2018
860087459396,188403230,KBEE,WDGG,68429,2005,"$29,557.00",63106,10/28/2005,7/24/2017
945545768932,418546248,HSUY,VIMN,154062,2011,"$19,066.00",88801,7/28/2014,4/23/2018
771111182741,530500924,WEHF,RLDV,227449,1988,"$23,265.00",55724,11/13/2018,2/6/2009
377395430893,462473033,RBSY,RYAL,95339,1996,"$29,166.00",1132,4/18/2006,8/12/2013
354801875060,538740585,HNOT,LXVD,179227,1993,"$11,480.00",41907,9/11/2006,11/8/2009
240031186809,865334335,VTRK,QXBM,101635,1980,"$29,373.00",41962,11/13/2019,4/30/2019
319772848189,472494989,OJKH,SNHQ,196395,1994,"$15,291.00",9733,10/12/2020,3/27/2018
417832521280,392891062,FUFX,YXUO,240430,2008,"$26,631.00",61609,4/16/2007,12/3/2010
177776677238,827287088,FPLU,NQSO,42901,1983,"$27,023.00",32435,9/4/2014,9/9/2007
788219813618,759054553,JOEW,CHAE,219954,1990,"$27,241.00",78843,1/30/2021,7/6/2006
112707940735,207286380,VBXM,OQRR,135725,1984,"$16,772.00",22237,4/29/2018,1/15/2009
401675665109,456515102,CIDR,IHJG,241028,2022,"$20,678.00",38655,3/15/2021,8/26/2018
204242516241,182927913,XXYY,KFFO,27906,2021,"$14,290.00",30328,8/9/2018,3/6/2008
714494733501,236018598,VJVE,UPFS,191893,2001,"$28,585.00",37146,1/1/2020,5/16/2014
595136551269,167885400,KLSU,QSFL,44160,2008,"$28,373.00",11294,11/10/2008,10/4/2014
271430934211,411736387,SNMN,XQWU,240132,1996,"$24,374.00",7710,6/8/2012,6/20/2017
906664323674,955705447,EKAU,OEGT,143021,2022,"$7,325.00",94854,10/12/2006,1/5/2017
525674220540,359795478,WPPK,QKKL,137026,2010,"$21,581.00",99642,1/27/2006,3/27/2017
859563324231,301381739,QRVW,HKTQ,245564,2017,"$25,751.00",70145,8/30/2019,3/10/2005
732428849079,629044073,DLAQ,ETEI,222900,1997,"$14,009.00",46974,10/28/2011,3/9/2018
614289923953,731569722,VTXX,MHHI,145814,1987,"$29,576.00",48671,8/13/2016,4/6/2013
551673475796,175349887,WELH,DHSL,47672,2014,"$7,618.00",39364,1/25/2005,11/27/2015
403295486719,441374771,VBNR,NSEO,32993,1989,"$25,555.00",37465,10/19/2008,5/4/2006
682670348940,961312105,NATD,XFFL,156070,2012,"$13,634.00",43856,7/11/2007,10/20/2010
846150351367,640867449,OFLS,MQBY,214909,2013,"$29,709.00",84,6/12/2015,11/10/2014
534973024527,575669641,JJVS,DVFS,57890,1992,"$26,776.00",44417,2/14/2021,10/25/2019
755221314779,263675948,DCYB,CCPS,19950,1980,"$12,680.00",81537,5/17/2018,4/7/2011
820893457735,534676117,JFOV,FSDF,188556,1996,"$27,724.00",31564,1/22/2010,3/23/2020
302610013547,138977886,YNUM,WMCG,36768,1996,"$6,660.00",15908,4/15/2010,10/28/2011
755773892632,540369902,PDQL,JMQU,191830,2000,"$24,859.00",86096,10/20/2005,4/21/2018
208362884614,660577260,FAEU,COXD,161650,1999,"$18,494.00",59520,12/14/2020,3/4/2013
443422953410,717388564,UITH,AYSW,162287,2015,"$7,900.00",15466,8/18/2005,3/6/2009
763553491733,198930480,KOIF,TEUI,70736,2002,"$26,178.00",5543,5/29/2009,12/4/2013
343489977058,405469432,JMUV,WVGI,215484,1998,"$23,084.00",58504,4/19/2010,10/7/2007
640518255389,688217164,IBBB,MMXE,212292,2011,"$25,215.00",40768,3/5/2020,8/30/2012
699447228484,394059849,PMEB,KLXJ,115246,2012,"$26,839.00",21175,7/30/2006,8/11/2006
494908727552,557889682,LVBO,RHFP,141481,1989,"$27,947.00",25000,1/9/2021,5/11/2008
804621748586,488865687,YCJQ,OEWL,178233,1986,"$28,147.00",23056,2/26/2010,9/19/2006
191734060283,551439487,JUGO,XHBR,73288,1981,"$11,016.00",76653,1/1/2009,2/5/2005
199073548365,858337991,RBXO,SHDY,16658,2008,"$29,903.00",59343,6/24/2008,8/11/2018
909444473349,802067713,UOUT,FSNU,233850,2006,"$10,573.00",73429,4/8/2012,7/30/2009
892075822496,626992828,FDWC,OQBI,177485,1992,"$19,771.00",37086,9/25/2008,1/7/2010
394399910514,191028599,ORCM,ERDW,167321,2013,"$18,712.00",58402,9/1/2006,6/30/2020
358844627676,938348558,WPYD,AWQA,107451,1992,"$17,572.00",55708,8/7/2007,9/18/2011
362643889302,657927726,XVOQ,EUKG,77345,2017,"$11,338.00",34052,1/23/2008,4/4/2019
951638583396,374728498,HUFV,NLIA,36394,2007,"$24,850.00",32142,10/30/2011,11/26/2006
619432277043,529317600,IOOI,EGSI,209906,1992,"$28,054.00",29173,3/10/2016,4/17/2005
425357355993,886111348,DUYI,PPUB,228438,1990,"$29,436.00",39236,3/1/2010,5/23/2007
289943386809,381464672,AJUF,UOKL,176113,1992,"$18,616.00",6442,10/6/2006,11/6/2007
207582321018,482822815,ULSM,CKPS,223873,1989,"$6,891.00",34654,4/28/2006,1/20/2007
610315782639,111904262,LBKE,UCLU,246902,2003,"$12,799.00",6942,9/20/2006,11/27/2012
639205380877,294669810,OPCD,IKYQ,103162,2013,"$28,394.00",16017,4/22/2011,2/12/2008
907740186752,601902664,WFOV,XTDT,224363,2014,"$17,331.00",87730,5/11/2011,12/24/2013
491276461455,294954277,DIVL,BFYP,235071,1991,"$16,854.00",89315,12/18/2008,2/17/2009
725696070959,355573547,THYA,YWUM,164986,1990,"$18,698.00",30699,3/30/2011,9/13/2007
688675308843,454813785,LNKQ,CEPR,2964,2000,"$21,692.00",82090,4/30/2007,5/24/2007
907309385599,481322862,GFIW,NMBM,230614,2003,"$21,609.00",86613,2/3/2010,8/17/2019
474196005422,799974995,XVGV,SQCN,207085,2009,"$16,380.00",53810,11/15/2018,8/18/2006
800768969781,575512473,ARJN,MLTN,203686,2021,"$7,442.00",64063,10/4/2009,7/16/2006
955457571280,727045324,BETE,NGEK,28633,1998,"$28,622.00",44464,3/29/2017,8/29/2014
268135437493,797537192,JDLR,OHKY,48004,2020,"$19,054.00",95872,2/26/2007,8/17/2018
639864090841,733989287,VITQ,XCMR,161900,2006,"$22,059.00",82467,3/2/2014,10/4/2014
967886256581,918517978,CIPY,JIRI,152987,2017,"$24,482.00",77610,12/1/2012,6/15/2010
573090485966,783832425,RVPQ,ISRD,130960,2012,"$13,005.00",26360,7/7/2008,5/20/2014
505150567263,343948553,WVVJ,MSFG,228193,2003,"$12,712.00",6706,5/6/2006,3/29/2017
618034876901,651616841,MWTP,KXEH,31473,2021,"$29,668.00",5964,5/20/2012,10/15/2013
447599771097,473135312,OYKD,ARDF,74885,1981,"$15,279.00",84059,2/13/2018,11/11/2013
202938009280,472214595,KMYG,YRTH,9616,2017,"$17,099.00",30055,2/10/2006,1/29/2011
542986289368,967189260,PAWP,LPAP,58054,1982,"$24,828.00",21270,9/22/2007,8/16/2011
208817451590,176123758,QBTA,RPDM,158428,2003,"$10,216.00",44349,2/26/2010,11/13/2015
232790514065,662528427,QVOA,NTEK,122516,2011,"$10,259.00",18905,6/23/2014,2/10/2013
182208387559,357468955,WNTY,RMQM,128030,1981,"$12,156.00",18681,8/18/2006,10/9/2018
779582485960,631005013,FVKM,PSER,169434,2010,"$20,981.00",8610,11/9/2015,7/30/2017
944461288466,994061591,KRNK,ILKA,224039,2022,"$25,264.00",61522,1/3/2018,8/21/2010
440580942682,651372387,JHWF,YKAW,21634,2015,"$23,200.00",43178,9/3/2015,6/6/2006
213853357425,134815015,FKDL,LTER,60367,2001,"$19,718.00",56985,7/30/2011,4/20/2017
561361501007,903152708,LOKI,WGPM,171749,1991,"$24,030.00",53563,6/21/2007,3/10/2015
372168009243,981636792,YHMR,WWQA,11082,1990,"$12,188.00",80653,10/3/2018,5/8/2017
499403917428,914170382,DALY,BVRI,66315,2015,"$11,288.00",94704,7/24/2019,9/25/2009
149144453550,538030697,PMOP,HNRR,157293,2008,"$6,616.00",20241,8/16/2013,1/31/2011
642663254671,711006003,YNLK,CKBX,89080,1985,"$14,575.00",68222,1/21/2012,9/3/2017
692563838915,137239909,ISMJ,XNSC,134613,2005,"$16,017.00",32138,8/26/2009,4/27/2016
871902857714,819136610,RRQY,LALT,83689,2014,"$27,397.00",29589,8/25/2010,3/27/2008
560304800947,231372027,ACDF,AFPI,227923,1981,"$15,805.00",40422,9/10/2016,9/16/2011
543250815873,901113363,QJXT,IDTN,10746,2007,"$8,324.00",71204,5/3/2020,7/7/2020
855361753956,847395612,CQIM,UCMA,57951,2009,"$17,959.00",98327,10/12/2012,4/18/2018
188263297646,379149935,HELB,QAQT,163424,2003,"$6,380.00",76592,9/25/2013,12/17/2013
412781966670,944332997,XTOY,RIJE,153253,2009,"$14,390.00",9184,12/5/2014,12/15/2006
149433346182,668129111,NUEC,OQXE,67015,2014,"$10,830.00",91232,7/25/2006,8/20/2020
196261707076,331852444,XTCF,UPON,80989,1980,"$7,024.00",52593,1/10/2021,11/29/2006
379126774765,709270452,FNOM,MWVY,134449,1998,"$17,393.00",73647,12/3/2019,4/5/2005
724579741372,897552056,SPRC,RPLF,239425,1980,"$19,641.00",98356,9/24/2017,6/26/2005
726717822233,989338885,KIWE,AKMK,249743,2007,"$26,552.00",18436,5/19/2015,2/1/2011
697282067442,497612177,SFJG,UPNS,177422,2012,"$9,976.00",64180,6/14/2010,1/28/2021
852413860696,708925737,VDRY,BSHA,198112,1983,"$8,237.00",67990,3/30/2011,12/9/2008
843523121839,672565997,LYEY,XLJM,81336,2019,"$28,350.00",90361,6/3/2016,7/23/2009
424888191903,512426507,YNDY,DVIS,157266,1989,"$17,104.00",9288,5/10/2021,1/9/2017
666484430256,881406498,HUPG,FAXN,121668,1988,"$11,371.00",54906,10/10/2016,7/20/2019
654184099619,956110636,OTNL,NANI,134533,2000,"$15,782.00",39184,7/1/2013,6/21/2016
682413377180,598131506,FYVO,AVND,3523,1996,"$24,640.00",33340,7/21/2012,1/23/2021
560024430434,996180219,KPFF,TCMF,212766,2004,"$12,831.00",49252,1/7/2020,9/17/2008
762449544053,875460558,EEAR,PFRA,204039,2014,"$9,668.00",48876,3/31/2008,8/14/2009
790085786602,260808452,SXLU,CKJD,3476,2003,"$18,336.00",47787,5/24/2009,10/31/2013
726736878505,961479264,SUXS,XSSF,100713,1994,"$26,195.00",48771,12/9/2016,9/9/2011
452211976002,996511764,TACX,VABL,68681,1981,"$7,587.00",90979,11/6/2014,5/15/2020
233880107360,212339701,OSPO,PSQI,153210,1993,"$17,184.00",52237,1/13/2019,10/18/2015
161000092546,275329491,DCJV,CQAV,97410,2004,"$11,655.00",21513,10/31/2005,7/10/2020
169923333850,804135090,OIRI,VRYC,138106,2014,"$23,947.00",22956,10/28/2018,3/3/2005
782555715287,123463119,VTVP,DENL,172477,2000,"$8,680.00",15279,7/4/2009,5/31/2005
905352163877,231257966,PVDI,JMBU,150138,2000,"$21,202.00",36392,2/9/2018,3/5/2006
684159316775,200375983,PWGO,CVRF,249790,2004,"$24,966.00",65398,9/19/2014,7/10/2020
637106290588,628836914,TWVH,YJVH,207325,1995,"$25,444.00",8008,4/28/2005,9/6/2012
808600288046,768800521,NRWK,OVYH,236225,2002,"$22,494.00",7114,12/28/2012,10/3/2013
416505479894,760434131,VTRW,NPIY,115371,2020,"$5,683.00",75157,3/30/2012,11/10/2016
929319819179,157381045,FPIU,YGDV,238810,2015,"$6,966.00",22864,9/14/2009,10/14/2009
729920602890,426596253,AJMM,VTCG,15885,2002,"$27,481.00",42827,6/13/2018,11/17/2005
143372694591,318347544,WEOD,QXCH,186997,1981,"$6,197.00",99537,9/30/2007,9/26/2008
213858293736,827912578,RGLR,JNCU,168111,1985,"$12,825.00",4009,6/21/2020,10/29/2008
698496317214,520032393,KQOS,NWBC,220973,2005,"$29,294.00",20494,3/26/2014,10/27/2016
562078736210,131096831,ABWN,NPNJ,241231,1992,"$19,095.00",80045,10/31/2019,3/2/2013
360000239507,118383191,UGAT,OGNG,8046,2014,"$7,309.00",14706,9/26/2012,7/27/2012
501950717074,856723790,MOID,SQYW,145504,1982,"$26,211.00",27884,2/18/2021,12/31/2011
317314669553,610879865,DRTC,KYTS,100914,2011,"$26,329.00",938,9/30/2014,1/30/2005
458299771136,921393279,QGTJ,NQRX,94626,1985,"$26,687.00",71015,3/17/2007,9/4/2013
331221610563,861233295,FQPI,IODC,70085,1995,"$20,607.00",23046,9/10/2009,5/7/2006
883666564396,109341335,GEDR,IBDG,1360,1983,"$7,371.00",2917,1/6/2009,3/12/2009
186216268284,672538910,KPGC,XGMT,240808,2004,"$15,566.00",85561,1/8/2015,6/2/2005
957621976558,623266735,JLER,GOLM,208702,2015,"$8,856.00",17698,9/28/2016,3/15/2020
951095714018,191607994,SSYF,FYDK,189778,2007,"$16,024.00",49163,5/29/2015,4/26/2010
758352096743,321098508,HHFQ,LOHF,87915,1992,"$15,418.00",57034,7/10/2007,7/18/2013
160547585427,417241039,DUXI,MXMY,235561,1995,"$21,959.00",11290,4/30/2009,3/20/2016
396211779807,904613822,CHDI,GIKY,172000,2020,"$14,530.00",47616,1/15/2005,1/2/2017
514827399177,612289857,CDEB,SVJY,172709,1985,"$6,727.00",76193,5/23/2011,2/3/2020
300744865170,802560975,JKMM,XOJC,224304,2005,"$9,761.00",94525,4/1/2012,5/11/2015
589995077709,843344750,KUAW,CQSX,38754,1980,"$12,806.00",54540,4/18/2017,10/1/2013
144489311826,820890502,OFWN,GBKG,184672,1998,"$9,085.00",6067,12/20/2019,7/24/2017
251866350040,285452234,DEEI,XOUK,68699,2020,"$8,531.00",39112,3/4/2011,10/6/2020
513745911240,796807686,LYRP,CQCP,67142,2001,"$29,101.00",50495,5/27/2005,9/1/2013
249874938228,282909197,XDCW,DATG,132940,2016,"$11,781.00",89254,7/8/2019,2/21/2019
338722187886,742901047,INUX,VXNJ,207371,2011,"$24,478.00",88390,8/3/2017,1/12/2008
917299934313,284188663,HEQY,UNMD,226302,2018,"$15,152.00",51873,9/4/2011,6/20/2014
233712175667,849155138,QOGG,ORQL,163975,1990,"$5,573.00",22533,12/27/2013,3/28/2009
639464754641,110546330,DSAD,FEUU,94474,2007,"$26,628.00",25702,7/18/2019,3/16/2012
578196850766,991117603,ULUM,TDQR,119475,1980,"$25,828.00",54312,12/8/2011,6/16/2007
847047905717,547759981,PJYS,HRIV,18731,2022,"$28,606.00",83305,5/4/2018,11/22/2007
768216434519,984066670,GIKJ,BXUH,161360,1993,"$11,349.00",8978,2/23/2017,8/28/2011
905863365390,300504738,YXXX,WYFW,88546,2011,"$19,919.00",42097,11/27/2011,6/21/2008
755658226263,908234816,FUSI,BMYB,206008,1993,"$8,514.00",76267,3/10/2009,12/29/2005
873480845704,933615872,NALG,ICXS,34273,2011,"$15,196.00",82291,9/21/2017,1/23/2018
163115992191,786820783,WHVP,EEUG,157094,1984,"$21,041.00",25857,12/27/2009,4/29/2017
175791905585,566302690,YJCI,UBAF,114438,1990,"$26,021.00",52004,1/12/2011,2/10/2006
750916047794,224809010,OEXJ,UJMC,184984,1990,"$21,618.00",74083,12/18/2012,1/30/2021
879822517389,539424533,GTYC,QIKJ,182411,2000,"$5,147.00",54080,10/30/2006,12/17/2006
528291165678,655969125,GLLN,XLQJ,13362,2003,"$7,011.00",57836,8/2/2016,12/31/2005
942299621417,455215440,PMDM,KQBK,72339,1988,"$20,053.00",47105,11/18/2018,12/20/2007
745347677555,611600555,QVWW,SFJX,205505,1995,"$5,440.00",79524,2/21/2017,10/27/2005
444059048315,489143766,IITU,LANO,133560,2013,"$17,917.00",6428,8/4/2008,2/16/2018
499558847250,726697311,QYWV,ROIC,171648,1982,"$16,015.00",22492,4/19/2016,4/5/2019
358513418628,598535291,XXUG,KJBT,61218,1982,"$26,230.00",17097,4/28/2009,2/24/2014
108484745463,366632635,TQIW,HXBL,116562,1994,"$7,916.00",55921,2/18/2014,1/4/2016
186066776474,538593363,HROA,QPFR,230279,1983,"$25,611.00",16813,3/30/2014,2/15/2007
578036674690,564908407,XEGV,PXLG,25842,1989,"$29,647.00",91728,10/26/2015,8/11/2013
936371583790,537761613,UCIB,SLDR,180387,2013,"$13,408.00",76324,9/23/2013,7/17/2007
166952740628,754999471,PAVF,QTPH,221429,2014,"$6,986.00",70496,1/18/2017,6/16/2009
485283392346,258039000,ODXK,MXWV,112274,1986,"$13,749.00",20102,9/27/2011,6/13/2011
267626619341,697181005,OMFU,HQWI,81348,2012,"$12,775.00",19367,10/7/2012,5/7/2012
834707303445,356740481,VKCB,WFOO,5342,2021,"$15,084.00",20214,12/29/2007,5/11/2010
490739628142,505101259,CEJX,IIML,53472,1989,"$13,333.00",79968,2/12/2006,2/17/2008
280485713752,991973959,EBVX,JVCW,31362,1989,"$11,801.00",79821,9/20/2013,4/27/2005
726307883293,872711067,BJKS,EOJJ,122910,2021,"$28,440.00",69702,3/18/2009,9/8/2018
348098530418,550262826,UJDI,GYVA,90454,2017,"$29,332.00",93643,1/10/2017,5/19/2012
822101948279,166252655,XQIB,KFRJ,71452,1989,"$10,502.00",43627,2/24/2021,8/16/2006
798100202689,279585559,UUSL,CFRB,50746,1985,"$20,566.00",85577,3/18/2009,2/18/2009
157572044302,349928356,JDSV,JTPQ,220524,2006,"$19,729.00",28298,10/1/2005,11/22/2013
975576926124,350742475,UNWQ,OCUV,111807,2010,"$26,393.00",78117,1/12/2015,2/1/2009
428373371662,349506356,NSDO,SXGU,213624,1997,"$7,042.00",22325,7/1/2006,6/9/2020
180961065019,243318772,RYNF,IOOG,134671,1980,"$9,457.00",14177,11/29/2013,8/4/2006
194604059879,962685703,TRFR,PCHL,90077,2016,"$28,778.00",3276,4/30/2005,12/15/2019
656588687922,216334276,KUPD,NJKJ,234289,1987,"$17,720.00",94911,1/13/2019,3/30/2017
881523344022,406052696,NLOX,MNKE,55511,1996,"$28,250.00",56694,4/18/2011,3/6/2005
705544016441,417501007,SREL,MXDH,157518,2018,"$19,205.00",2684,10/20/2016,1/7/2010
471706534420,548751182,QCAV,FTHN,162294,1999,"$15,354.00",93098,2/12/2005,5/22/2016
810526572762,456215314,UUGJ,FRKE,143626,1995,"$20,268.00",77334,3/8/2006,12/22/2017
454519696508,445700731,JFXW,VHRP,37818,2022,"$13,019.00",43354,8/19/2008,2/7/2008
182441578576,794166957,SSJS,CYQT,27887,2011,"$9,300.00",7862,8/1/2007,1/21/2012
234984663094,116790182,SINE,XHXO,89137,2014,"$27,455.00",5097,7/21/2017,2/16/2005
805702509444,931741199,FTUS,UEOK,240583,2007,"$8,768.00",86829,2/23/2011,9/21/2017
377382033395,461715734,AFJQ,VCTO,45736,2014,"$29,563.00",44044,7/3/2016,9/12/2018
332209763399,909023602,PJJL,CRAR,208085,1981,"$9,768.00",68391,12/20/2011,7/1/2010
817453320969,587106769,MRSW,RPSG,199099,2004,"$13,963.00",57933,7/10/2009,3/14/2013
213806748512,525801621,UGKU,NLVR,168024,2016,"$11,492.00",34854,8/26/2014,9/18/2013
914269066166,907683091,FPJJ,NETD,239884,2003,"$7,001.00",69292,6/23/2008,4/3/2005
716703798873,376921566,RCPJ,UREQ,169668,1997,"$23,474.00",43751,10/2/2011,3/22/2007
192498064893,566120380,OJGU,NIUQ,6674,2004,"$29,699.00",90761,5/27/2019,2/19/2013
276699433156,216939107,AHQG,HEFE,224857,2017,"$21,795.00",25275,3/1/2014,10/14/2010
707025121258,667086951,HYPF,JAMR,80191,2017,"$23,392.00",75651,6/14/2010,5/18/2021
184634087949,813248874,IYSA,GDTE,207431,2003,"$28,249.00",76797,10/19/2012,3/4/2008
524015113535,304886040,QONV,EBUX,106918,2014,"$16,112.00",31988,2/28/2016,9/25/2019
523807058859,429656434,VXMV,RYNO,229132,2010,"$18,291.00",50524,6/18/2009,10/27/2017
980318727724,566937962,JWLK,OHNP,56330,2017,"$19,316.00",3473,10/31/2007,3/3/2006
759311388523,145340045,AWWB,MUTJ,159244,1983,"$22,551.00",15848,7/15/2020,5/7/2016
951576455378,247923592,LBOM,UXTK,92146,1996,"$21,486.00",51361,7/24/2005,6/29/2006
130446425937,457828249,WPBN,AVRH,106755,1988,"$11,116.00",58796,7/17/2011,5/3/2006
218837291312,313052838,SXEB,APMG,138682,2018,"$20,018.00",60840,6/28/2012,5/20/2015
456414533353,226293472,LVKX,NKXN,24676,1995,"$19,272.00",36476,6/23/2008,11/2/2009
784609311930,400202924,UHBK,TRIC,45769,2008,"$27,744.00",30542,9/16/2009,5/2/2019
400074952388,274244213,NUED,KIWB,50308,2019,"$10,121.00",59312,5/12/2021,7/22/2009
607959668677,466483568,JMWA,BAXQ,228443,2020,"$22,974.00",28500,3/30/2011,7/14/2014
470100879854,412515983,TPIA,QUQL,160241,2015,"$19,531.00",23232,3/8/2007,6/27/2014
230849752317,627339766,DOTF,BFRH,174743,1982,"$26,853.00",39342,1/21/2009,5/2/2017
686766552909,846050236,FOJX,WQTL,165480,1987,"$18,218.00",47965,2/8/2011,4/2/2010
775910126495,638113360,DDVI,UQDT,78161,1994,"$16,929.00",20495,4/21/2010,12/23/2015
806894186252,655864594,QKXC,TCNM,43359,1991,"$17,020.00",7149,11/17/2018,4/30/2009
751224118262,756888216,ABMG,WYIC,45298,1993,"$13,407.00",97514,6/6/2020,10/31/2012
448138513829,873217207,SEPR,SOYG,140443,2000,"$14,349.00",16673,12/25/2012,1/2/2007
187604006003,551581319,ATWW,JJVN,150936,1991,"$17,658.00",85701,1/24/2005,12/16/2010
378522300428,491430682,UNRX,KGAI,58891,1983,"$18,509.00",6189,7/21/2017,10/14/2016
415831985293,267073566,YUFQ,KCFP,39491,1997,"$6,151.00",35261,11/1/2010,4/15/2019
133505347537,155155037,WPYT,UCPB,130363,2019,"$5,709.00",56291,8/7/2020,11/1/2008
818228258842,813466813,JGTP,KDEI,20486,2014,"$10,156.00",76581,1/21/2014,7/8/2009
687240173850,872813113,IKHJ,UDFK,202182,2012,"$17,627.00",82625,5/11/2008,7/4/2019
733848403920,433390722,NUXK,WAQF,64564,1994,"$5,105.00",39565,10/14/2017,10/30/2010
767211150767,269203123,NTTQ,YTSO,13849,1999,"$22,916.00",75189,6/28/2009,8/9/2012
978055683206,234059642,GBAR,BIRC,93576,2016,"$26,528.00",43182,8/30/2009,8/14/2018
450162677705,518152333,DWDW,PILI,112066,1993,"$26,937.00",13952,5/31/2008,10/14/2013
343933104795,853200582,MRMN,KXYJ,119302,2001,"$7,466.00",87997,10/21/2009,4/3/2013
382893497937,413966499,XQBQ,KGFE,141810,1994,"$29,798.00",33402,4/13/2021,3/27/2005
169075454163,862061035,FHRR,QBKC,53564,2019,"$13,570.00",32818,9/9/2015,1/4/2009
512744141315,182248300,MYWY,JFFT,92254,2009,"$7,598.00",71964,1/30/2005,5/22/2017
681128645529,483789169,CLHG,DWQR,187346,2006,"$19,642.00",26822,2/3/2016,6/11/2008
100856664544,330330487,KTWP,PCOH,2636,1994,"$21,362.00",35720,12/10/2010,11/12/2014
628727756684,232205610,SLHL,EMQL,42414,1989,"$28,953.00",88810,3/26/2021,12/9/2008
795780458213,662760952,BMTG,FVSF,179804,1991,"$11,654.00",18522,1/20/2005,1/24/2015
281249210098,410310544,YJXR,OMCQ,227923,2019,"$14,644.00",46025,9/12/2017,10/4/2016
617783778308,863474493,KPVH,PQQR,8105,2022,"$14,268.00",36200,8/7/2011,12/7/2014
656363887765,476063591,BBAW,MVLV,161144,2008,"$24,912.00",45314,9/19/2007,6/6/2008
605172692812,581792596,XQGB,YIUL,100142,2022,"$19,060.00",55813,9/6/2011,8/8/2009
344405925417,206617655,UMNC,DFHD,78538,1995,"$18,512.00",40330,6/3/2019,2/20/2019
995692528642,770319554,SRGR,BAWF,5632,1981,"$18,834.00",81233,4/21/2014,10/11/2012
824009328184,613177124,HPRP,XPTK,215519,1994,"$8,599.00",9473,12/22/2007,7/30/2015
609179040893,558077421,IHAP,FNTS,177266,1999,"$10,115.00",14019,6/22/2010,1/31/2009
955584675993,864190963,KFHU,CSSA,96995,2006,"$16,646.00",22295,3/30/2009,11/23/2010
595340251635,608581660,JRWN,SDKT,217814,1989,"$20,222.00",58684,10/25/2016,7/9/2013
344589508715,922204376,JOOK,FJLT,113783,1987,"$8,586.00",7015,2/2/2007,11/1/2017
453996091370,399554340,OXKM,JQXS,162264,2000,"$13,880.00",19885,9/16/2017,10/20/2019
552086250331,142208157,AQSR,BNIH,126490,1998,"$25,700.00",71276,4/24/2010,12/24/2018
398209724249,465967057,JJEJ,VICY,34256,2018,"$13,913.00",26547,6/16/2018,4/6/2017
207985290706,989889131,VUPT,IXXV,153361,1985,"$27,497.00",42907,7/27/2014,4/5/2010
245247573958,201274522,YQQP,HFWH,210286,1997,"$14,484.00",66007,8/5/2019,7/24/2011
235158937514,635254081,QHTF,BLXM,64687,1983,"$29,173.00",60333,9/18/2009,9/21/2017
900758135262,701033206,INUM,SFWK,12773,2020,"$12,036.00",66152,9/26/2013,2/3/2014
998116822613,349443649,BSGV,WBLN,111745,1987,"$21,477.00",94761,5/14/2017,1/25/2005
170323180865,129396669,DTCW,BNXV,228450,1993,"$29,978.00",92502,1/16/2019,11/10/2016
746297230872,164252809,XCXL,ORBQ,35353,1999,"$24,942.00",2091,9/5/2010,2/8/2017
244787056875,970852958,UOFI,YQRC,7945,1993,"$12,398.00",42171,9/20/2020,8/23/2020
872711870856,949326729,NHCA,JDIL,69241,1990,"$17,973.00",13463,5/10/2007,3/24/2015
774497127764,208448076,PIPG,FTIL,165939,2019,"$27,536.00",270,2/12/2021,5/24/2018
267451245075,770910436,VXFA,VTYF,76596,1985,"$5,779.00",94107,7/27/2014,1/2/2010
168592268301,214857558,RCBC,RKEO,89910,1984,"$26,309.00",54482,7/29/2018,8/24/2013
921496198255,938418589,FICG,XGWT,44862,2021,"$14,302.00",52825,1/9/2014,2/22/2016
832370751558,906080621,WLTA,ETVV,120704,1990,"$29,349.00",38200,11/22/2018,8/1/2019
758784180916,136289421,TOWK,QUTW,155777,1991,"$14,305.00",24486,4/18/2018,10/5/2013
824978243375,149097126,DRSM,QSWP,48980,1995,"$19,406.00",35449,7/11/2017,5/13/2011
218251396515,814238582,YYOM,DHTN,239399,1994,"$15,633.00",88096,10/2/2013,12/24/2013
975420305872,427226693,WEOA,GYAY,85820,2006,"$20,520.00",45451,2/9/2021,12/3/2010
317636571639,250092054,AXLI,QXPF,201880,2020,"$6,938.00",19261,4/22/2013,6/11/2014
314272270736,900646178,QVBV,RHCE,132368,2008,"$6,755.00",80195,11/6/2016,5/17/2010
447516686168,657121585,GIMC,BAIL,27628,1995,"$22,291.00",11709,12/4/2008,6/16/2013
646295560580,587860712,CSDC,OISL,21466,1998,"$18,631.00",84291,9/13/2005,10/3/2011
627998981250,928813125,YCBY,XVCD,197532,2019,"$27,152.00",74522,3/16/2019,9/8/2020
223149807250,977994253,QQOK,YTDA,98851,2022,"$9,384.00",97221,6/29/2009,9/25/2016
517669038140,365163235,XERH,NDXL,1712,2003,"$12,736.00",13952,5/1/2016,4/2/2012
951002493944,637497677,IUDY,VOMN,221944,2022,"$29,430.00",69059,11/10/2011,11/9/2017
271065575268,418128305,EFFW,JNTJ,202830,1986,"$26,735.00",18282,1/11/2017,4/9/2020
443382661760,130000617,GROU,QGRQ,107691,2009,"$24,322.00",32005,12/8/2007,7/22/2019
768697528153,212263331,UDVV,OAGV,199031,2002,"$15,192.00",66073,7/31/2008,12/21/2006
271216779543,739110985,BIUW,AAEG,148940,2019,"$19,245.00",82401,6/10/2005,10/24/2009
584334599053,217717389,ULDG,DGYQ,238897,2016,"$9,821.00",89774,8/5/2018,9/3/2011
868547930747,493355052,MCEW,IEBB,230504,2016,"$8,926.00",47187,5/24/2015,6/18/2013
345194892224,574742270,GRRG,ARBA,235119,1985,"$17,647.00",23831,11/12/2015,8/29/2015
180712909266,995327676,HPCI,PYEP,235435,1985,"$7,343.00",71252,3/15/2010,3/5/2013
389241993143,935177950,GTBX,SQMT,240341,1982,"$8,183.00",7180,8/27/2009,6/5/2013
831286060722,666474867,SLLS,TSPN,140045,2013,"$7,967.00",39553,2/14/2015,9/23/2019
432921647586,210773784,PPEQ,OMLQ,79906,2008,"$7,881.00",60598,4/19/2012,4/18/2009
282257556733,230559692,ALEP,XQII,231275,1989,"$20,415.00",31880,3/15/2015,1/3/2007
855458520275,209767608,BRLI,TBNP,45883,1994,"$27,622.00",18672,4/21/2020,1/11/2019
148872402224,576381911,PUPV,NFSG,105098,2021,"$8,476.00",36188,3/20/2005,2/15/2008
650754577658,131272556,VJHG,PXPY,57154,2019,"$12,238.00",20905,5/5/2010,9/8/2005
544303348779,100156000,HYBV,JRYP,48465,2017,"$6,765.00",25873,2/27/2015,6/14/2006
233750430766,446419860,SWII,PTYB,128978,2019,"$9,354.00",96266,11/27/2008,5/2/2018
790667329191,324341300,CBGS,WYXJ,50719,1993,"$17,886.00",40045,6/3/2014,9/16/2010
348914024662,670894386,WVJV,TYMC,83837,1990,"$14,098.00",57614,5/24/2020,4/13/2021
970433217988,899710771,WORG,DHXB,200652,2008,"$29,626.00",17068,9/3/2005,6/19/2013
268698180998,565810097,GWAI,GYNM,246642,1996,"$26,958.00",37104,4/27/2020,4/13/2006
767435693310,605907057,ANJM,RJCI,68124,2007,"$25,308.00",88614,7/29/2010,10/21/2020
889071130159,353451386,DJCW,FXNI,202265,1999,"$5,395.00",78972,10/2/2017,3/26/2016
778743100154,490338799,LXEC,XNTD,191078,2010,"$22,145.00",83187,3/25/2017,11/3/2014
797587593844,107206269,EMCS,SHDL,95609,2018,"$13,769.00",82602,11/5/2017,3/7/2017
569577253616,401508137,WWQV,IMHB,221395,2004,"$24,145.00",48465,11/13/2017,9/8/2008
472268092114,847314184,OMDR,KQFU,120844,1980,"$7,069.00",85330,4/17/2010,2/21/2013
503214706540,539030206,KUHC,UVSS,104588,1991,"$16,310.00",35370,7/7/2020,3/14/2006
952431487211,417419953,SEIA,YYOD,4612,1989,"$12,667.00",52355,2/15/2018,7/2/2019
248985539011,624821417,DRUM,VPND,217007,2000,"$21,375.00",93122,10/7/2019,5/6/2020
436541854994,823267211,MHQE,DCMG,207776,2020,"$12,023.00",19616,5/16/2012,6/19/2007
554617813214,997122077,HTGI,KMUT,44842,1982,"$28,997.00",73772,9/7/2015,4/19/2019
608350523375,221380974,GSJI,HVCO,81798,2000,"$9,767.00",16687,1/23/2012,8/14/2013
547553338726,897916742,KIOG,XIDB,18915,1992,"$9,968.00",2108,9/18/2010,9/10/2020
367723531698,259803565,IAYE,KLBN,6410,2016,"$7,051.00",90485,3/29/2006,7/25/2017
294595127880,904475410,QEXO,DXAG,32994,1999,"$25,822.00",18077,7/30/2011,7/23/2016
563435649885,297690694,MCCC,WXJT,89283,2003,"$5,918.00",99453,2/27/2021,1/6/2010
224268726724,694522250,OTIX,KYYL,59541,1984,"$10,907.00",74887,10/15/2005,1/22/2011
954092728721,688989376,IFKN,XROR,2657,2021,"$18,180.00",52556,10/28/2008,9/16/2007
183320816354,612121975,RYBD,KNNR,166523,2002,"$12,294.00",78014,8/6/2020,12/4/2011
192734284630,275966122,SBKP,JPHT,170425,1996,"$19,821.00",10990,7/25/2013,8/10/2020
222396358112,255746604,TOYE,GDIF,42556,1984,"$25,168.00",75095,3/3/2019,1/30/2012
768398291794,239798241,HULD,RFWB,225607,2002,"$22,045.00",44259,1/31/2012,3/23/2013
558487564106,161945759,LCTH,NWQI,174795,2022,"$21,983.00",70895,5/7/2019,8/19/2013
492147337608,431868917,OAKV,EQHN,136598,2014,"$29,232.00",60014,5/12/2005,5/10/2019
748414702008,336207734,ASPT,EOWQ,199801,1992,"$23,862.00",7573,12/12/2013,6/6/2016
179213762065,115209749,CVNA,LPYC,122506,1985,"$24,262.00",90568,2/13/2008,6/15/2015
191364480819,948390121,ISUA,HXIC,246166,1991,"$8,078.00",50665,7/6/2020,11/27/2015
716792824783,280420595,DHTL,BULQ,48235,2007,"$16,980.00",82872,8/15/2011,4/23/2018
605180386358,482756551,UROS,BQYQ,75020,2002,"$21,454.00",83609,4/19/2016,10/8/2015
777678038790,134386768,OTSV,YAUU,170319,2020,"$24,219.00",75254,8/7/2006,3/24/2018
744282352352,614232304,NNEI,RCBJ,184160,2008,"$22,787.00",86146,3/30/2018,10/22/2015
222787420610,158537047,MAXQ,HBAX,118381,1996,"$21,468.00",58648,9/28/2011,8/30/2012
933216757416,382846622,NNBG,LQYW,80350,2001,"$22,587.00",48244,6/25/2010,6/12/2020
255378498024,181889525,PLWX,YNGE,65351,1983,"$14,354.00",75252,4/26/2015,4/19/2009
723140365562,900142326,XGBG,HMHH,3295,2016,"$13,430.00",14909,5/3/2015,12/10/2012
841415818697,643672798,GBXM,FQXX,209280,1987,"$21,917.00",49506,1/10/2019,11/11/2013
366074670809,745089862,QXEJ,GSIW,118658,1983,"$7,612.00",27527,6/13/2016,12/21/2011
884466365514,532154989,HVJJ,QUPI,242873,2019,"$25,798.00",28400,4/8/2008,6/17/2014
878391944835,676045056,KVEV,NMPH,86651,2008,"$25,012.00",3571,7/24/2011,4/22/2015
450303194450,777047174,HVTY,EQQB,166346,2007,"$16,859.00",17023,3/10/2006,6/18/2010
398389016617,790650931,UJPE,JYNF,64901,2020,"$25,326.00",3404,8/9/2016,4/24/2013
832050527596,659364290,RLQP,BALJ,92211,2016,"$6,164.00",75007,1/1/2015,4/27/2008
958455846146,731228781,FNUG,ORBM,178149,2006,"$26,259.00",65402,4/11/2005,11/3/2011
557474741514,747131565,AIUP,EKRF,196441,2021,"$5,284.00",17342,11/19/2015,6/12/2011
598555409344,540871712,VIUC,PXJK,8644,1984,"$18,795.00",39162,6/15/2008,10/16/2013
587498546917,900340001,XFIR,YLXY,88552,1985,"$24,449.00",73580,9/21/2007,12/31/2015
960611350656,589695619,BKET,OPHX,37828,2013,"$19,844.00",21704,1/9/2015,9/12/2008
881081551639,841909512,FJXP,QJBH,179511,2007,"$28,423.00",70643,3/31/2018,10/25/2009
771877483026,783880201,FPQM,OJQJ,22757,2006,"$21,404.00",59372,4/26/2008,11/14/2013
493480364860,711260475,BNXI,YGBE,135532,1984,"$17,172.00",41537,10/4/2007,11/5/2014