Make,Year,VIN,UUID,Price,Model,Zip Code,Mileage,Create Date,Update Date
NHWW,2007,719746269,663541633453,"$7,130.00",BKYL,68721,156155,2/26/2008,10/22/2016
KPOL,1991,638994415,775289644662,"$7,159.00",TXRI,73687,29576,3/13/2008,12/19/2011
PSYU,2009,127989742,335478713120,"$27,555.00",KWOK,44497,194524,10/18/2013,5/11/2013
HUVA,2009,883465846,299382161656,"$5,411.00",XIYF,88215,69312,9/16/2009,2/8/2015
OTOG,2022,677518244,195209928273,"$20,715.00",DITH,18173,7143,12/6/2014,2/11/2013
MYMB,1980,756947314,152731988637,"$16,710.00",CCJR,48267,228563,2/24/2009,1/30/2021
YYFU,2001,811474993,611371703919,"$5,541.00",EWJV,70739,129604,8/31/2012,5/28/2012
ILVO,2021,289935500,905870395905,"$8,418.00",KYAU,85264,150666,2/8/2016,7/15/2005
VSHQ,2011,396506927,306755225945,"$9,593.00",GBPL,64852,15688,11/11/2007,6/30/2018
XFWO,1980,500267448,669676759286,"$15,802.00",TPKS,85790,111724,2/20/2006,1/22/2009
QHSB,1986,158455179,386125202469,"$19,152.00",ROGQ,43842,51215,8/27/2006,2/18/2021
RXJN,2003,157783062,822837451512,"$13,138.00",OYVP,64776,119985,9/10/2020,5/11/2005
YXXN,1988,437070683,609126649360,"$23,783.00",DFRV,87586,36332,12/28/2013,4/29/2007
ITCA,1995,898248360,995796509697,"$22,597.00",HFPI,78963,76847,4/4/2013,3/30/2019
SNEN,2017,443088439,385966920705,"$24,445.00",PYLB,2792,130464,8/20/2018,3/31/2011
DXYP,2015,419851943,697564953951,"$17,922.00",BPUP,20850,71159,9/4/2007,4/25/2010
XOSP,1981,344550342,412813881411,"$29,620.00",PBNI,53487,178518,9/4/2017,3/14/2012
YONA,1993,473912075,482642421218,"$28,005.00",NCSO,92461,74544,4/26/2017,2/28/2008
PTDQ,2003,446115304,879111376131,"$29,088.00",WDHF,10075,227585,12/16/2015,7/2/2018
HQBM,1990,663566704,225061671245,"$27,039.00",YMWN,23875,112618,3/20/2015,12/12/2007
XPWN,1986,215099638,878582534240,"$12,272.00",YPMU,25952,140041,10/24/2011,12/3/2020
JKGN,1989,225808550,516772101317,"$13,686.00",WQGC,69323,99529,11/23/2009,3/8/2010
GOQH,2008,943826760,955680377375,"$19,809.00",IEUW,48507,228465,10/8/2008,2/13/2010
TSPM,2015,474227891,580129952382,"$15,928.00",EACI,87456,42872,5/28/2005,2/16/2010
HXQQ,1996,670019795,568582111069,"$26,863.00",YWSS,65675,139326,10/17/2011,1/3/2006
OWHO,1998,873507750,266366576641,"$9,395.00",KVTV,28437,176741,9/30/2012,8/31/2017
RHFM,1980,238747051,955245401061,"$15,985.00",DCSY,54913,53762,6/23/2009,4/7/2015
OXNA,1994,148660154,961080607496,"$24,343.00",IVEW,3172,230257,5/9/2009,6/30/2017
OKVV,2003,721938800,840102783914,"$16,006.00",OYJK,83340,213463,9/4/2018,12/27/2019
KAYD,2002,569095258,686878398226,"$11,230.00",OUTY,76240,103128,4/13/2017,4/27/2009
CILW,2022,388663063,313026995213,"$26,822.00",DYLN,46413,82429,1/31/2013,11/15/2006
KPCS,2008,502080731,655413985295,"$16,498.00",LWKP,88781,74442,11/2/2012,1/7/2015
AEKV,2018,972914100,579432831740,"$19,396.00",GCJN,88282,56174,5/8/2013,6/23/2014
KTEP,2001,184500396,294710866371,"$7,493.00",AHEY,98449,117448,8/28/2006,2/7/2017
LUMB,2000,730182246,108775966255,"$14,962.00",DGJJ,26053,221267,2/19/2007,3/11/2020
HILM,2008,593886921,351554863023,"$18,164.00",CGCX,96059,135622,12/14/2017,4/20/2011
ALAY,2001,231900565,369069151664,"$25,145.00",JOMA,78711,168515,2/13/2014,12/17/2020
QEYE,1999,507631649,127009961525,"$6,607.00",WNYD,80933,76784,12/26/2008,3/1/2020
JFYY,1985,473177327,305973107080,"$23,507.00",HFDP,51105,103859,7/31/2010,8/7/2011
XQTI,1993,766518607,250123191998,"$21,602.00",BYPA,15459,171714,1/7/2014,1/19/2005
DKIR,1993,777014339,417959240026,"$28,180.00",SRUQ,35941,122179,6/13/2019,11/2/2012
LAWN,2007,519062832,280357646367,"$7,017.00",MPWC,32764,65365,8/29/2014,2/8/2006
RPNW,2011,963276554,763223470836,"$6,630.00",KNEC,9550,220877,8/1/2011,7/10/2012
MGJB,1999,325633560,773242193400,"$15,421.00",TNOF,96620,214598,6/23/2017,5/10/2016
QDGW,2019,416635926,361503796791,"$17,930.00",IJRA,17620,114739,5/6/2006,6/12/2015
WRJY,1983,975408485,561487286863,"$17,046.00",EOGT,49034,226896,4/17/2006,4/27/2009
GKHP,1999,470984015,584583799791,"$15,966.00",YILQ,78096,145251,11/13/2013,4/15/2009
HRKP,2017,189540694,931030163446,"$22,682.00",CHLT,76064,165200,12/18/2011,12/22/2007
ILEI,1985,322634239,555724917445,"$15,931.00",NEYL,93105,128993,11/13/2014,4/20/2012
VHHM,1982,795546227,589098919176,"$23,457.00",LXHO,56216,172829,6/20/2018,10/4/2009
JYPA,2003,168065430,751050497307,"$10,891.00",MYYE,28567,111201,11/10/2014,9/9/2019
PUKQ,2022,801168100,180691310025,"$17,050.00",YLFG,66395,14151,5/18/2010,9/22/2018
IIYG,1995,118857214,648305352628,"$23,699.00",AQPI,27855,220888,3/10/2015,12/1/2005
SKII,2004,131488543,357434192840,"$20,873.00",WQIN,28602,109942,4/14/2016,3/2/2008
MSSB,2004,194510654,741548444931,"$5,703.00",MIDR,8515,179395,3/26/2018,12/17/2012
MFOQ,1984,126799709,505516109919,"$8,421.00",GBOC,14980,60895,7/2/2014,10/31/2007
AUYE,1980,108521922,108130569862,"$22,457.00",NFWC,3156,145151,7/29/2019,4/4/2020
VLOM,2016,806975762,209477834094,"$25,237.00",RVDB,50847,128117,9/16/2013,5/29/2009
SGWE,1981,702684755,408499491321,"$15,404.00",TEID,46701,148830,1/16/2015,1/25/2021
VHVK,1998,662397239,748620646258,"$21,149.00",PRYC,84284,112359,11/21/2018,10/10/2008
UKSM,2005,315251181,934515667476,"$13,845.00",DLRS,52490,90850,11/9/2015,7/14/2008
RMYY,1981,323756801,170484396591,"$28,251.00",HEBT,28636,66435,2/19/2017,5/22/2009
HQJU,1982,389205317,820412569118,"$14,508.00",GOPE,24348,142145,2/25/2021,4/8/2019
JGTL,2006,130529557,159399386061,"$29,999.00",QDQB,40918,86724,7/17/2018,2/7/2021
ENXS,1980,494241557,347475271441,"$29,733.00",JMOF,6505,57577,11/16/2020,10/10/2013
GMWN,2010,868043564,860986248628,"$6,070.00",ODIM,17191,112607,8/14/2008,10/22/2017
XWRP,1999,589634691,621925773876,"$29,821.00",BUQP,9070,90157,5/30/2013,9/20/2007
UUBG,1981,278765467,749434983312,"$20,962.00",POXF,65921,25416,4/13/2020,10/17/2017
TARF,2015,542411064,281195144033,"$19,667.00",ARVB,64798,39877,9/5/2015,12/20/2013
USSM,1986,697769490,942520703775,"$24,593.00",EVNN,45662,4226,12/14/2015,6/30/2018
KTBT,2020,916251153,490344016966,"$23,636.00",MCRC,69940,157395,4/23/2011,3/10/2010
BRYS,1999,483841468,309003566680,"$6,332.00",YRXP,14963,167151,1/8/2015,7/25/2009
AGOP,1988,199362912,664290314717,"$21,291.00",QNFX,54669,19808,7/3/2005,6/26/2009
YPIB,2008,855052192,749021230300,"$10,313.00",INPL,64306,109590,3/26/2009,10/12/2013
SIWV,1986,864964462,786954028578,"$13,164.00",AQRC,79391,37257,1/27/2016,1/1/2008
MDPK,1998,624998946,705333211410,"$20,833.00",ISIS,63823,7781,12/12/2019,7/17/2005
PQLX,1983,584615536,772484767153,"$7,247.00",TCYT,94456,245255,6/18/2014,4/9/2016
AKUL,1981,527655103,822149707090,"$5,130.00",XCNL,30985,103605,3/11/2012,7/8/2018
OJMW,2020,903866153,111261859505,"$15,291.00",UAQK,60443,184254,4/3/2010,7/5/2017
HUPV,2008,414591743,569418082225,"$8,095.00",XCSY,71931,114707,4/8/2008,4/30/2007
ORHB,2016,860786637,382024120403,"$6,727.00",QDIE,52246,177724,3/8/2016,2/16/2006
SIXU,2000,878261535,399803756715,"$20,412.00",XBLU,83630,51837,6/12/2014,9/2/2012
LDUX,2000,982956622,466786463631,"$27,969.00",CJDW,56237,31418,10/29/2018,10/10/2007
DWAX,2002,364397674,179460142979,"$24,539.00",VBXW,84681,221844,7/16/2020,4/7/2019
AYDC,1997,747282744,535433141139,"$20,833.00",EADW,79534,32857,7/18/2012,8/27/2010
LDYT,1986,771020636,503615185846,"$25,331.00",YYCV,16160,110911,11/5/2014,9/20/2019
BEOW,1982,772266224,838155793431,"$10,629.00",JHPR,82925,180654,6/27/2008,11/9/2008
KWMB,2019,922023959,565904667704,"$15,516.00",TVPY,73906,146461,9/24/2014,7/10/2008
RJDG,2006,734534051,255155819009,"$13,349.00",XWKT,3756,97851,12/27/2013,9/29/2005
JJDU,2002,651092518,933462647146,"$21,780.00",UMIQ,86729,120243,8/7/2015,5/1/2012
GMES,2001,743888530,660990690616,"$6,020.00",RFMO,76669,142198,4/29/2007,2/6/2009
AXXM,2013,633378851,495555834425,"$6,623.00",FBLQ,85083,28765,11/2/2009,12/14/2016
GUTH,2002,564927413,205166472178,"$12,346.00",JLOC,83686,121271,6/4/2005,10/29/2012
ICLI,2012,574815966,604853456132,"$23,123.00",GCJM,39285,174613,1/22/2020,10/21/2009
LOEF,1985,862369814,238424477253,"$29,777.00",VSTY,60839,196882,4/13/2018,3/10/2013
CJCR,1994,674389139,340402613846,"$26,239.00",JIHE,19744,150708,3/15/2010,8/9/2017
BIOL,2009,453328742,405816179191,"$28,295.00",NXVR,67304,128528,9/7/2019,7/5/2012
XGIM,1991,245640525,558487017082,"$16,682.00",IYJF,12023,70140,10/23/2015,2/23/2017
MAMQ,1996,437449493,821095352090,"$16,841.00",KJHF,40465,123114,9/8/2008,11/19/2016
TUOK,1993,247974431,100555165621,"$8,662.00",THPQ,32021,214392,2/18/2012,11/16/2012
BTXO,2003,517449347,352979729944,"$5,988.00",JSIU,43017,249391,4/5/2006,1/17/2009
VLIS,2004,984109693,130393589151,"$25,142.00",BBUB,39687,15059,5/3/2007,6/8/2017
VXBK,2002,623321973,821060677098,"$5,609.00",FEOA,77554,123775,4/26/2011,1/30/2007
XBFB,1982,660746816,230086148016,"$20,757.00",DYIP,59404,175380,8/25/2011,5/20/2013
TNVV,1997,776298907,678993582066,"$5,660.00",DCAL,42016,14484,5/1/2012,8/4/2010
LLUF,1992,648951876,695750121356,"$14,949.00",AYXK,30564,10098,5/6/2006,2/19/2019
PSLM,1995,119391400,574321975910,"$11,257.00",TXML,13133,8339,7/15/2005,2/7/2009
JWNY,2008,277986403,109591140365,"$8,559.00",CEXI,39497,70367,6/13/2006,11/3/2011
RELH,2012,753581350,919927011156,"$28,093.00",AVVE,32068,113682,7/24/2010,3/28/2012
FBVP,2018,430729420,789805780798,"$5,444.00",CAKI,13561,4353,8/3/2016,6/8/2014
HCVP,2009,738916169,501511540854,"$14,275.00",CYKL,79656,127560,10/17/2020,8/21/2020
QORJ,1996,205149971,319926779476,"$24,192.00",MPRI,86927,189974,11/9/2008,10/22/2007
VDLX,2009,392127859,621403293961,"$9,434.00",TXMU,41186,107640,6/23/2017,4/21/2008
PQVD,1980,959516321,965307991303,"$10,621.00",JLQL,5952,140311,4/29/2005,9/29/2015
ACUP,2010,963991276,941780652462,"$18,680.00",XXCI,90924,99005,10/10/2018,10/7/2015
IILY,1999,259502403,897854717291,"$17,310.00",YXHM,17576,236861,4/17/2010,5/6/2005
IYOD,1988,945324621,423489426288,"$13,655.00",CSBN,63381,149532,1/17/2018,8/15/2010
IIKU,2007,103719668,567400904065,"$21,409.00",ULMI,48171,76073,1/22/2012,9/10/2008
EKPF,2014,897992007,851042027622,"$16,692.00",HRCU,5717,126588,6/28/2020,12/7/2008
CGPU,1989,476417307,696214037073,"$9,440.00",OGQR,10875,222983,10/3/2005,11/2/2007
JCUF,1983,261981404,114098373870,"$19,298.00",MPSU,28117,121174,9/23/2018,10/3/2010
WJBB,1994,988428633,294175751676,"$9,841.00",TLRP,88453,7881,1/20/2006,1/30/2017
JUJH,1996,159903608,962458153521,"$7,954.00",WRBO,36036,94978,7/18/2014,2/9/2010
BNPP,1980,941475283,528764574132,"$13,850.00",PVEV,95178,114538,5/15/2009,1/4/2012
JXJA,1985,222199938,129898337747,"$7,226.00",XCKQ,60087,247357,10/17/2017,9/2/2008
JOGE,2007,628570650,663884466972,"$7,769.00",CGMU,77170,165781,12/24/2012,4/12/2012
GRLD,1990,538886828,804429616705,"$11,521.00",JEGY,11237,213440,1/13/2016,2/19/2005
CXKX,2002,351695706,352987494304,"$17,951.00",CQAN,26075,47131,5/29/2009,6/27/2020
JGDU,2004,513539796,113899965158,"$7,585.00",JIXU,16580,147155,8/13/2018,6/2/2016
VUAQ,2006,254672656,928284868527,"$6,582.00",QOGH,48412,139606,11/5/2013,10/18/2015
BDFM,2022,741980771,259326417482,"$27,889.00",UOKF,15216,178233,5/21/2015,6/19/2007
JRTI,1994,787069278,632899809281,"$9,893.00",DXVA,2982,129683,5/25/2007,9/27/2017
LKFX,1990,859142481,609692384729,"$7,079.00",TAOE,65982,34400,9/24/2010,8/20/2020
SIAF,2018,507170757,655667947280,"$15,991.00",WBBD,24617,218532,9/12/2008,7/22/2015
QPLT,2017,223019394,424818437102,"$6,352.00",TOGS,85464,4149,2/21/2018,2/12/2011
TLPM,2002,317016170,928333328783,"$5,657.00",JSQS,35499,136919,6/27/2005,11/17/2015
NKXV,1984,422462598,483725462022,"$26,958.00",YQCG,62857,5302,5/23/2005,4/23/2006
VSEE,1981,788980712,656824488738,"$9,043.00",BAIQ,79028,11079,7/27/2010,6/24/2011
WHKP,1990,376639549,308899288798,"$24,830.00",ROTG,99970,193174,9/1/2013,12/1/2017
OTPJ,2012,675476420,377148601339,"$17,904.00",MJCO,27725,25599,9/6/2015,3/6/2019
IYOI,1988,716868766,819086143179,"$7,840.00",AOYW,82534,182398,7/16/2016,8/30/2011
ICYJ,2013,695436170,142540840663,"$17,457.00",LSNA,30279,102847,4/2/2015,5/25/2020
JHRT,1994,617683786,849561015489,"$20,073.00",YBDW,80792,187526,10/15/2013,11/30/2018
CWLH,1990,613046212,972498532347,"$27,839.00",WXXC,96087,207236,1/26/2012,11/12/2012
PPCN,2015,542614542,216892333773,"$29,590.00",RRHX,1333,24654,5/25/2012,1/3/2013
QCYW,1989,685721565,182169874275,"$25,791.00",GWRX,23577,68201,7/13/2017,7/11/2005
AHMQ,1997,743351943,100566167249,"$15,903.00",DPYT,11583,103521,1/15/2010,10/5/2010
NOWD,2009,874905817,788526199396,"$26,592.00",ITTS,74268,102708,2/5/2019,9/3/2017
IKJI,1985,158543483,174728902981,"$27,996.00",ERUY,47276,30523,2/28/2016,3/25/2015
WHBJ,1985,120570451,179406279610,"$20,156.00",NHJX,73794,81840,3/30/2012,6/12/2009
RDTR,2013,793131677,265875602611,"$10,684.00",XKVB,440,147823,4/3/2006,2/1/2020
QPFI,2012,759241948,874775810949,"$7,916.00",UQAH,87366,170088,1/11/2013,11/7/2013
NBXU,1988,871380453,185476063921,"$19,926.00",TMLM,556,197220,7/8/2018,2/4/2017
PHEH,2003,667270145,593601125400,"$26,988.00",RLCM,7153,141426,10/24/2005,6/6/2017
KSUR,2019,179838359,997030260443,"$27,770.00",LTTD,19130,236626,6/7/2012,12/26/2019
XEGB,2019,682449264,522115110502,"$19,585.00",HLFU,96722,190958,5/25/2008,10/10/2011
UGBS,2017,791574572,714431082265,"$14,967.00",HJIS,93044,72306,6/26/2014,10/14/2020
THOS,1983,464907671,712783740786,"$29,836.00",DAGP,40272,64480,8/7/2010,11/21/2010
EAOA,2020,464020976,390147309589,"$29,040.00",YYWL,15116,38233,12/8/2018,6/5/2011
NAGF,2011,614602968,101112444815,"$16,469.00",UGPE,26671,191686,7/23/2018,7/30/2010
MTAH,2012,861397539,667800034067,"$24,295.00",CDAB,41761,182893,7/16/2015,2/13/2012
CFMF,2002,250312012,328015376951,"$27,277.00",GWUT,78018,101326,2/14/2013,10/2/2013
BHPM,1998,883541310,732179632470,"$17,022.00",DAHM,23720,137332,5/7/2015,7/13/2016
FKGQ,2005,551526179,387580783329,"$29,167.00",MQBD,84974,164473,12/20/2008,5/21/2007
VWFP,1991,608364559,361437250458,"$26,662.00",TDFB,52511,238442,10/20/2018,10/10/2015
VFOT,2015,968291576,367781356128,"$17,830.00",AOBS,94894,155170,6/30/2014,12/4/2012
TMUL,2021,230309135,349701262176,"$5,233.00",PXBF,4380,57949,1/29/2011,9/3/2009
SXSA,2000,658233139,119396047416,"$17,979.00",MFVM,79815,80421,1/11/2013,8/19/2008
JYHD,2021,115032826,535135762645,"$16,948.00",SLAE,46775,217191,7/3/2015,3/5/2010
VENJ,1986,828535831,325835413821,"$18,166.00",OHKW,88621,200313,6/19/2011,8/5/2005
VUOI,1986,986957798,807719271853,"$19,582.00",HXGR,87144,144740,1/30/2016,4/25/2012
AAKW,1999,452611020,873715889153,"$23,217.00",JPKJ,17954,143557,9/14/2007,11/30/2019
MVQY,2008,224846403,934822978186,"$19,687.00",EOGB,97460,158661,3/1/2011,6/14/2013
TGKN,2002,225944439,656241741049,"$14,024.00",FRGV,59134,102120,4/27/2005,3/31/2010
BMPM,1981,397669091,990875716128,"$5,655.00",UVJN,43381,205784,11/11/2017,1/5/2010
OEJV,1999,297910412,514370594317,"$24,073.00",KNQK,41027,41503,4/11/2013,11/20/2005
JJRO,1998,622934284,702691281574,"$23,308.00",GNOF,7279,47622,11/20/2020,12/6/2009
YHTD,1997,811166740,215318043978,"$8,984.00",XVSA,71383,101580,7/19/2007,5/28/2017
MOQI,2013,549408432,474892432076,"$7,700.00",QUPC,88144,156489,12/18/2013,7/12/2013
UKON,2000,137946281,535466170604,"$29,771.00",SKBW,19948,85463,1/11/2011,11/22/2013
XLEP,2006,940631764,773594438747,"$5,656.00",JINV,27266,178099,3/6/2013,9/14/2016
KSLK,2007,583778621,701763660546,"$24,637.00",YCOS,6122,38210,12/4/2013,5/4/2010
YDOC,1997,982506065,562223375246,"$29,917.00",OEMN,80707,110585,9/1/2012,6/11/2007
PBLL,1988,439868728,319135479414,"$23,300.00",YESW,80980,165276,8/14/2005,10/1/2011
CSWM,2005,832983485,274966174870,"$27,491.00",RCLO,92366,58725,4/16/2017,6/25/2018
ABCL,2016,581794236,983465235504,"$16,757.00",BFCK,89308,140628,5/4/2010,12/25/2010
VODP,2009,332821421,212618978313,"$14,450.00",PEOY,14503,67420,3/29/2008,12/29/2017
XLWF,2010,905944195,632891274464,"$9,815.00",THYK,81307,21570,12/14/2012,3/13/2008
CGDO,1992,769600046,567068254180,"$18,249.00",YGJO,46026,222826,6/15/2018,6/27/2019
MMYN,2008,158103591,302303332610,"$5,821.00",NIUW,17776,239304,9/21/2007,9/25/2011
OWPS,1987,331653349,746668942436,"$23,168.00",NLFC,78017,94929,9/15/2008,8/4/2007
KQIH,2015,577995418,615181271362,"$13,682.00",GFWQ,86755,62472,4/18/2009,12/8/2017
KACB,2003,860977943,140551028736,"$17,390.00",MMSM,36365,93073,9/2/2019,8/30/2009
EAID,1997,166947001,116741121302,"$26,557.00",JFTK,66520,209917,12/3/2011,3/13/2016
IMTB,1993,354109636,938379201522,"$16,790.00",PDQB,24159,206743,5/27/2014,11/13/2009
HSKG,2020,585980310,936513344499,"$20,241.00",VCJX,29864,19859,2/11/2016,10/5/2005
IPXJ,1981,214756232,809110195485,"$14,960.00",DUYV,92799,145482,1/6/2014,8/8/2020
OAMS,2002,931682164,576058004880,"$5,243.00",WGAE,71252,177214,1/21/2011,7/8/2019
HUTS,1999,811825152,841451272737,"$10,519.00",AMDW,7190,208839,7/27/2020,11/16/2006
AXQL,2003,685646684,177914599135,"$20,590.00",BSJA,42547,121949,2/1/2010,11/1/2015
GKHB,2007,579371411,196449676369,"$6,891.00",VLCC,33852,3819,9/19/2010,9/12/2016
XECH,1996,628868442,519798045585,"$25,192.00",LWWV,28776,185516,4/15/2017,12/21/2019
NLMF,2001,931718762,713171188924,"$24,595.00",QKDF,33548,160050,3/5/2008,3/20/2007
JSMD,2004,689282059,638506837557,"$15,071.00",EALY,64392,9831,6/14/2007,11/1/2016
QIXS,1994,986185511,118810504948,"$18,717.00",GSBH,14408,15170,2/11/2005,4/28/2012
HJIP,2021,403088484,661335302193,"$15,135.00",VPUT,47308,194795,6/5/2013,2/5/2020
AENS,1985,548904601,409677856920,"$16,572.00",HQVB,25662,8508,2/13/2018,10/20/2007
JJOK,1990,418284933,469626007164,"$13,686.00",JHMM,24958,201645,12/11/2019,1/18/2012
XSXB,2022,445400114,907002288760,"$5,995.00",HRCL,93850,60562,2/12/2007,9/7/2020
WVBD,2010,621945632,745414869798,"$17,292.00",ROHS,9061,149805,6/7/2015,8/22/2020
KJAN,2000,168924751,826869601809,"$29,244.00",HJRM,16381,151810,4/12/2005,4/15/2009
ISFA,2009,796615346,534182426065,"$14,383.00",RQWV,86440,167272,1/8/2007,9/18/2006
TXKS,2018,885933201,295174121555,"$10,785.00",JXWJ,95241,123051,12/6/2010,8/8/2008
UAFY,2008,191321320,866111068156,"$11,502.00",LSAQ,78139,228842,4/17/2010,2/15/2005
BKWK,2013,822145165,352320118615,"$14,283.00",XUDK,75684,174277,2/8/2009,4/26/2008
CLLH,2007,960140561,506853309564,"$17,981.00",CRRY,11701,91801,8/15/2014,6/4/2014
HCIA,2021,754923076,327487325903,"$15,916.00",JERD,30123,139583,7/27/2018,2/12/2021
WQBY,2011,477245084,893850329861,"$14,135.00",JKTA,98325,220570,5/25/2017,5/19/2020
MLYO,2017,941458657,975314425796,"$21,641.00",RJIM,21048,13195,3/13/2014,7/8/2005
HHXI,2001,478472458,163218295964,"$26,557.00",OJKN,91856,128496,10/15/2017,5/2/2012
WPBT,2002,908637594,798404080373,"$17,635.00",IRJK,83543,39310,4/1/2019,1/7/2018
KBKJ,1985,422625443,387979298954,"$10,461.00",JROV,77283,28776,8/12/2017,7/23/2007
QDLQ,2004,443363419,674477474827,"$28,670.00",QHKU,78188,152337,6/7/2014,7/2/2006
NYKJ,2008,673101638,154093955342,"$20,243.00",RORA,27537,175708,4/22/2013,11/3/2013
UVWF,2001,633304739,447480647810,"$7,457.00",SAFX,89541,177766,7/7/2012,4/24/2007
HCYJ,2021,304608176,264815071421,"$16,786.00",QARR,46451,108074,9/24/2012,8/27/2010
EUGQ,2005,182037016,365457443915,"$20,775.00",WIKR,39862,35355,10/8/2012,11/17/2015
AYIE,1995,468464152,925091736706,"$15,740.00",NMON,8353,96969,7/16/2019,3/28/2021
KEMF,1996,331744237,675355810301,"$15,699.00",RBSB,78600,103421,11/8/2006,2/8/2018
OQUB,1984,251474498,450196859010,"$28,901.00",YPRF,19170,152316,1/16/2020,7/23/2018
JMXP,2008,876201525,644738300828,"$27,069.00",JWRY,16956,10916,3/14/2015,10/5/2016
WDTN,1996,231034390,920819369953,"$28,312.00",NTUG,76284,28491,4/27/2011,9/21/2007
ASEF,2010,999667868,934049819864,"$22,198.00",NNIQ,45476,198755,12/11/2017,3/15/2012
LQNQ,2017,426759648,870265081258,"$21,398.00",EJOI,43515,77943,12/14/2010,12/7/2009
QMHB,2007,979375800,209894722689,"$10,191.00",NSGK,88348,102505,3/22/2005,4/3/2005
WAOJ,1981,435619513,308164500015,"$12,686.00",RKRY,90405,244455,9/1/2006,11/16/2012
ULCW,2006,794129626,971740956487,"$9,207.00",MJYS,68318,76875,7/10/2005,2/3/2008
DRRX,2003,792668355,524526409062,"$17,925.00",EFAM,60874,93582,3/26/2013,7/23/2018
GSNL,2016,175537309,971465970580,"$8,963.00",FPMY,33820,72927,3/25/2020,1/20/2016
YBWK,1986,747737866,763744402861,"$22,058.00",HQTK,32712,226718,3/31/2005,11/25/2016
CIKF,2020,665845062,879861717429,"$17,316.00",TOMP,8160,25119,5/29/2014,4/21/2008
REGT,1998,984882084,541219732476,"$5,736.00",UCGK,36444,79925,3/22/2011,6/7/2020
SQCR,1998,934266178,597113176754,"$10,974.00",SLRS,77771,35438,5/27/2007,12/17/2009
AOSD,1990,826296004,396874710041,"$23,354.00",NJIB,7859,100083,4/20/2008,8/14/2009
GNDI,1983,986962430,898658297573,"$17,496.00",MMCP,31610,207824,5/14/2017,5/24/2008
QVCD,1992,666498070,736580497795,"$18,803.00",VOMO,23682,170364,2/20/2010,9/13/2015
NCHY,2002,852120201,644838080130,"$14,598.00",DFDY,80575,166304,11/29/2013,12/25/2020
ROFL,1983,231735566,321305027550,"$16,027.00",JQQF,93162,4829,1/13/2010,12/7/2018
VOFU,2002,156356710,586281631911,"$6,075.00",IVKT,28976,97627,12/1/2009,8/24/2015
KJDC,1983,480109649,986807718186,"$12,276.00",KVYM,61119,89890,8/11/2009,4/29/2020
HGFX,2017,440290233,248779482086,"$26,118.00",BKWT,89106,154324,9/14/2008,2/6/2016
LEMS,1988,271403660,946488566898,"$20,904.00",FTVV,89522,180974,10/23/2016,2/28/2005
WBCT,1991,705630375,146030551696,"$14,505.00",PQAN,45074,59280,3/31/2013,3/15/2010
IQEK,2007,683931576,374369999490,"$22,355.00",MJEU,77016,164485,2/29/2016,8/3/2005
LYTO,2014,292511165,218466897730,"$27,878.00",RHGX,98315,146543,9/23/2006,7/30/2009
IFPJ,1985,226107550,432297443742,"$10,026.00",AHXR,8725,139688,9/6/2020,9/27/2019
BUNM,2010,160743831,136541896001,"$27,293.00",SYBS,626,153873,2/28/2011,7/13/2009
EQAU,1987,440394083,588743843221,"$24,438.00",EBBB,95030,43618,12/8/2009,10/11/2013
MJXY,1983,981754551,700399208903,"$22,385.00",XWRG,81671,135914,4/19/2012,12/8/2017
DFBS,1984,979645772,639865129152,"$13,011.00",CRCC,8123,212320,12/22/2016,11/30/2018
RQEP,1992,836560922,160524446971,"$19,351.00",LYJM,58395,225836,5/24/2006,9/11/2013
QXGF,1984,223773333,645760003044,"$19,001.00",VAGB,92327,221477,12/22/2014,11/18/2015
JDWU,2017,989404603,129429356005,"$5,288.00",XKQY,19897,171165,8/24/2005,6/4/2011
NMXV,2018,516565816,715631667917,"$10,183.00",JDDV,49780,88736,6/22/2006,9/8/2014
LAXA,2011,654583735,739058277233,"$8,329.00",SJML,80138,50855,5/28/2019,2/13/2006
NHNJ,1998,227196161,439439821168,"$13,811.00",BUKD,60542,44233,4/21/2008,10/31/2017
ROTW,1984,666420107,466674544898,"$22,039.00",HPVE,94594,29506,10/10/2013,2/4/2017
LVIF,1999,562479721,665687048424,"$7,610.00",KPNJ,17904,50076,5/6/2017,4/17/2021
PUJG,2002,477763968,130532843652,"$18,187.00",LGAC,27939,174036,4/19/2017,1/17/2019
WPIQ,1992,478750857,255536448827,"$7,926.00",GHMH,59503,116036,11/8/2010,5/1/2010
DKBO,2001,662410658,880534462282,"$18,823.00",QQGP,16231,15084,4/15/2020,4/11/2006
CIUL,2006,515976299,213152741784,"$9,236.00",TJHH,75758,132554,3/21/2013,1/28/2020
XXXQ,2008,650516574,645972137490,"$17,408.00",QNNS,86654,106283,6/29/2009,2/8/2020
TOHE,2001,421455718,156952307782,"$17,437.00",LBVQ,33844,93346,6/24/2007,9/1/2016
KXMS,2012,735606338,977888540213,"$8,029.00",MRSY,24360,137293,8/23/2011,11/23/2005
QHKF,2014,261500949,482610481341,"$6,484.00",INNQ,81243,19639,10/31/2005,5/31/2019
RVFY,2001,716924411,745796585457,"$28,742.00",TPYL,22973,194877,1/29/2012,8/29/2018
INXX,1986,272481509,497786236513,"$15,060.00",QGVE,83393,23949,10/4/2013,8/14/2020
QLTC,1999,874375648,433656462502,"$7,160.00",WGIL,32110,15148,1/31/2012,2/29/2012
MWRS,2001,958530460,422482678319,"$21,079.00",OHAL,8929,161825,1/3/2011,3/5/2016
XBVR,2011,565611177,176996654502,"$7,309.00",FQDH,50957,138660,1/15/2017,8/30/2018
WKDP,2021,153293354,734971123605,"$10,480.00",DDAN,39694,152254,8/13/2006,1/27/2016
LOVV,2020,119247573,398644251534,"$27,528.00",FBGR,86588,12945,4/4/2016,12/17/2014
BXER,2001,373952997,158787407392,"$12,336.00",GBAV,45577,185168,8/19/2017,2/18/2007
TINB,2018,515873084,224244458220,"$25,242.00",AXUH,43992,81063,4/7/2015,6/1/2010
BSXY,1992,974272420,784294361870,"$25,843.00",LCKJ,3026,27454,2/25/2021,5/9/2010
VYAT,1993,973319026,587961882953,"$10,576.00",QRGC,82266,69303,11/8/2008,3/19/2011
CPDT,1988,661769711,471836402419,"$20,838.00",WFPS,36051,7989,5/21/2013,5/27/2007
CGSK,1993,416397935,903644948761,"$8,743.00",SHFW,18692,183460,12/27/2020,4/23/2016
CIWG,1995,964896946,411050957208,"$20,880.00",MHCP,36996,156770,4/22/2014,8/2/2007
MHDP,2021,328480092,265286482004,"$9,901.00",AABM,95300,131557,6/8/2011,8/7/2014
TEIN,1981,697067047,501213302981,"$16,246.00",IACU,56984,118439,6/14/2016,9/5/2011
GIOM,2012,975263811,623629235096,"$22,631.00",RCXG,17575,151978,6/22/2012,8/17/2006
WVAE,1990,363706901,854660959861,"$19,968.00",ERKH,1072,125243,8/19/2005,6/18/2011
PYHR,2014,215064985,141858242094,"$21,330.00",XVYG,3376,150147,5/16/2005,8/15/2020
FHLU,2013,439665675,513764450411,"$22,985.00",TQQF,86719,54088,5/13/2015,2/21/2016
IFLA,2002,777897259,473918592938,"$12,954.00",ENXY,34237,197933,12/6/2016,4/1/2017
FIEM,2020,321046137,361289615859,"$13,809.00",YTME,25312,169511,11/20/2005,2/13/2016
VQJH,2022,903337680,603334809497,"$21,508.00",UBSN,17832,135303,3/11/2007,4/23/2020
NGMT,2008,636933746,514353433779,"$13,642.00",EDIL,21744,51388,8/12/2014,6/15/2014
CPII,2002,278285079,380538005443,"$25,251.00",DPLM,57250,102533,11/8/2015,7/19/2017
SUAQ,2013,521970213,938841483483,"$26,574.00",NXOD,96174,90563,9/27/2019,11/11/2012
HJUX,2009,546646650,562493073025,"$12,510.00",WLHE,82689,127854,7/22/2011,4/6/2014
TUNE,2016,374959598,839776067672,"$11,272.00",OQKH,62222,177592,11/29/2005,2/24/2011
QPJC,2000,167971248,982534353941,"$14,350.00",VETB,57169,113349,4/4/2009,2/11/2007
OFLA,1989,406727834,354655799898,"$5,019.00",SASL,27383,168741,2/28/2012,11/27/2015
GFMH,2018,958134151,811255445739,"$10,907.00",WCUU,88622,71432,2/23/2015,12/10/2019
YHSH,2017,152610851,952500789412,"$28,194.00",VEVH,52209,125716,3/5/2010,3/30/2019
AHEB,1986,537234066,544354920818,"$26,435.00",VTAK,4803,178317,3/14/2014,9/26/2008
SURP,1984,151868158,367813063328,"$24,582.00",XVXF,35683,77129,4/26/2009,10/22/2018
FXVK,2018,955561241,611631028760,"$14,586.00",HVAI,9033,245698,1/28/2008,7/6/2010
DTSJ,2013,283963835,642795368002,"$15,498.00",SKBW,13753,119203,1/10/2020,1/13/2021
AWYD,1988,743327272,416767436821,"$15,213.00",EJKB,88279,161729,7/14/2014,2/7/2020
FHOB,2014,476295983,725169822998,"$18,414.00",RAXL,27732,31081,9/2/2006,6/2/2011
JWAI,1997,992110512,421900585273,"$29,368.00",TSIR,90078,145450,4/21/2011,7/8/2015
SUCL,1986,231169458,455318902486,"$29,267.00",EABX,58309,242218,1/22/2011,10/25/2020
HIOJ,2010,291781476,198754427828,"$26,667.00",RMCX,91489,28730,9/22/2008,10/26/2015
FKST,2013,453491210,753070176711,"$19,141.00",TILD,31393,195784,11/15/2011,7/25/2010
PDIX,1992,614954062,701737194542,"$15,141.00",JXMF,16830,167675,6/11/2015,4/21/2007
ULIR,2003,832028591,579403986158,"$11,370.00",KFRP,93790,200932,3/20/2019,1/30/2016
QERI,1988,218501093,832989248295,"$25,799.00",RIGD,7098,221360,11/30/2008,8/9/2016
XDDK,2008,643628526,245140167419,"$9,412.00",OYBI,72433,78691,2/16/2016,10/24/2010
YSOH,2010,257925389,377942914164,"$17,770.00",USDD,33704,52616,8/22/2020,5/30/2018
LHSG,1993,914382048,681022488805,"$9,839.00",IIKD,71019,86723,11/29/2010,12/12/2007
JALA,1982,632755091,888303168191,"$19,243.00",RXMR,83611,114025,12/3/2011,8/26/2014
NFCM,2005,807477715,280652865814,"$6,384.00",OSJX,5862,86147,11/30/2011,10/25/2007
PWUJ,1996,379809560,181095016369,"$13,542.00",RMLN,18892,57964,10/4/2011,3/27/2006
CFBR,1994,282877171,908823135283,"$26,005.00",VLVL,29493,133944,11/25/2015,9/6/2013
EIKS,2014,344147857,543977861940,"$24,353.00",LIUN,47875,224654,6/29/2018,12/25/2014
FPSF,1987,227734899,407659075168,"$6,965.00",OKWJ,60122,133732,8/30/2014,7/25/2016
AXFA,2005,505566397,282633716164,"$7,277.00",QDGQ,99714,9108,11/17/2019,8/11/2020
IAXR,2012,522755577,176649264772,"$23,009.00",LGIY,9122,216803,9/25/2014,9/18/2007
WTCG,2000,950270311,492748595643,"$23,615.00",BEXQ,1890,146426,10/6/2005,2/14/2017
FEHR,2006,342828914,990410586740,"$19,959.00",TGLS,41880,67674,11/18/2006,9/27/2020
UTSI,2019,514227815,671786520703,"$18,515.00",LMYP,48659,242201,8/31/2011,6/13/2011
HUXJ,2016,990012667,710588386647,"$12,805.00",PFBL,91907,192960,6/23/2009,3/10/2015
POQQ,1985,405969161,822079477742,"$22,876.00",KCWX,65976,248141,1/17/2015,11/16/2007
QDRI,1999,993267121,751560272030,"$8,278.00",TFVX,79319,65207,5/1/2018,9/6/2014
FBLM,1992,144260916,812212547978,"$12,386.00",DCRI,18330,188470,11/1/2013,3/16/2018
NFPC,2018,847612708,149875992840,"$6,506.00",RHUI,25591,175611,12/27/2019,6/23/2018
CDGW,2006,130035749,416572577215,"$27,823.00",AYDW,29116,63763,1/1/2007,2/15/2015
QWLH,2012,991229267,736204586958,"$9,029.00",GUNG,52679,38859,1/24/2006,5/31/2015
PCOT,2018,854864050,909363522878,"$7,880.00",XWTB,57596,46812,3/1/2017,9/4/2007
QIEY,1991,363399358,307870049899,"$15,758.00",IPXU,59851,132218,4/23/2010,5/12/2008
CXMY,2021,230604201,248298622198,"$15,663.00",KGDR,71638,211653,11/28/2020,7/25/2016
IMQO,2007,650387427,687042045501,"$16,583.00",KEGC,72164,144514,3/27/2014,6/30/2013
SJAF,2012,889964213,901296659833,"$26,214.00",KKBY,954,62209,5/4/2006,10/29/2019
IOAF,2004,806924098,531831608072,"$5,845.00",OTPH,94917,119539,3/16/2010,5/15/2010
GCMM,2008,346661870,686387901111,"$7,718.00",OBBU,45506,132281,8/5/2014,5/24/2005
NRXV,2003,654824882,247752355706,"$28,720.00",SEPA,15447,74523,7/29/2016,4/6/2019
HWRE,2013,840609792,258037331525,"$25,927.00",GSSO,38449,209909,7/17/2013,11/11/2007
GEUU,1984,669621874,248392705955,"$24,415.00",MAHF,2281,244284,1/17/2006,9/19/2011
AGIG,1985,509813117,462395522462,"$18,928.00",YECR,33042,172001,9/14/2011,8/7/2018
DJFX,2005,903445880,105158673012,"$18,549.00",VOYX,29611,86272,11/20/2017,12/11/2006
EVIV,1982,591003056,237578327454,"$9,144.00",IBXU,54434,201657,6/8/2016,8/29/2009
BRQY,1984,885595215,945361060059,"$13,005.00",JFLM,27723,58555,1/19/2006,8/23/2012
ORTW,1982,927801132,973756072711,"$21,882.00",BKDK,56234,74569,8/26/2011,11/10/2020
WXXH,2012,439413420,139816877202,"$5,194.00",WEVK,35734,10401,12/31/2008,2/14/2006
YKEP,2012,663593556,400215559372,"$25,169.00",IETF,70069,122450,9/18/2007,3/8/2019
LCVR,1994,248725304,319906442141,"$27,066.00",RUPJ,27963,61205,4/3/2007,1/13/2010
OIJS,1981,179280666,494068702499,"$16,063.00",VBYK,75662,17687,6/1/2012,1/11/2012
DORX,2007,562920822,279383361115,"$29,151.00",DFYR,48189,195284,12/14/2015,10/20/2019
UVAD,1993,149452974,727158050369,"$18,193.00",WBGA,36620,196448,5/10/2016,12/2/2018
OYLB,1987,405910451,718192555631,"$18,795.00",CDTX,23964,83378,10/22/2009,5/17/2016
FOFT,2018,587947356,586004126446,"$12,429.00",YCJT,578,168763,1/21/2018,3/28/2016
IWQH,1983,629998462,739444103814,"$18,836.00",BKVJ,35332,97489,11/24/2006,11/29/2006
BNBM,1998,521579259,324213943358,"$15,468.00",BYRS,4501,144695,1/15/2012,8/28/2009
DALW,2012,955939239,502163335003,"$25,890.00",WCRU,76312,219807,8/30/2018,4/14/2011
KIUO,1998,713368545,280300892741,"$29,341.00",LYIV,29837,172470,8/3/2016,10/21/2008
NHHO,2009,260075435,492445926723,"$13,084.00",OPNQ,3390,134686,5/9/2014,9/11/2019
DMMA,2020,480827342,816841977103,"$5,695.00",HLVA,36410,102245,10/6/2015,2/4/2005
UXEF,2015,498838027,405461521437,"$8,294.00",DBCP,1082,35882,12/17/2010,10/9/2014
LJJS,1981,455722776,592619190502,"$23,108.00",FCYY,57150,106471,12/17/2013,8/31/2016
LPKH,1998,810661509,726951546682,"$5,234.00",TWLU,81188,139842,2/24/2006,10/13/2011
VRNF,2021,576840432,658971335144,"$14,765.00",XLOD,42039,132161,10/21/2011,10/25/2010
ROTL,1995,261489110,582352300389,"$9,095.00",EDMV,48175,127116,8/11/2015,10/27/2016
LMSP,2018,422144167,898946348154,"$20,091.00",NSKG,3509,246807,7/24/2017,1/7/2016
SSLB,2015,528783423,446648226843,"$23,060.00",WIGT,19764,105646,2/28/2006,12/10/2008
JCFC,1994,779656264,184731505479,"$22,206.00",YVKM,86496,193557,2/13/2013,4/11/2012
VJEF,2006,671898397,311044407692,"$10,009.00",WSSC,58407,129379,10/17/2011,2/18/2016
KQJK,1988,543480741,679798243728,"$27,394.00",PKQH,84651,174079,12/18/2016,8/16/2008
ODIL,2017,855704687,711371260140,"$29,932.00",LFMB,97961,69800,7/11/2007,10/8/2019
IBVC,1987,851588390,329595959429,"$26,907.00",PDJT,64962,58584,10/16/2007,12/24/2020
YEHL,1984,566697694,785945098482,"$6,315.00",NHNA,436,60223,6/30/2009,4/9/2012
EYBB,2021,762014209,973637860671,"$25,675.00",NLCO,82110,108507,2/2/2019,7/29/2018
RUPH,1983,443977141,740860453903,"$26,561.00",FURW,42812,78165,7/30/2005,5/21/2007
UXXD,2002,583533634,135433277771,"$14,684.00",WXTD,42010,84770,2/18/2014,11/19/2008
VDHX,2015,494299708,722155457704,"$15,642.00",CPMN,64152,103668,7/11/2019,11/27/2015
TRQD,2022,533052105,650731647483,"$15,475.00",JNFG,62609,171372,5/2/2010,7/13/2006
QVQF,2005,644017448,986050352102,"$24,138.00",WWYP,31758,245837,9/9/2007,6/3/2006
HTCX,2002,515032518,232571094443,"$28,301.00",CFMH,25639,219621,7/16/2016,7/22/2016
MGLR,1998,119580075,599906995606,"$9,789.00",DDEQ,53234,212059,8/11/2011,7/8/2008
WBQM,1998,996291067,630091326207,"$22,795.00",NRYS,82517,187118,3/30/2011,10/22/2013
KKUF,2017,631171002,222401457329,"$23,881.00",RHDD,42735,244834,9/26/2019,2/5/2018
PECC,2017,253210102,561217673150,"$17,370.00",GGBG,83263,87772,1/27/2010,4/18/2015
RWYL,1985,145043115,696659450492,"$18,616.00",OTRT,76325,39998,3/15/2021,10/2/2016
SDRH,1998,676463760,514198528848,"$20,332.00",EBEO,21546,9640,4/12/2013,9/10/2011
MIKS,2019,173620147,935111941380,"$24,879.00",RUKB,57670,69491,12/5/2010,11/24/2009
TOGE,1989,742150715,954448453072,"$26,403.00",RYBD,9716,57272,4/10/2013,3/1/2006
BVKT,1997,338135183,390225078347,"$25,086.00",NVIL,83651,212889,1/21/2020,1/12/2019
QMWN,1987,967020225,308886319842,"$12,937.00",YPRM,13049,129856,5/21/2016,3/11/2005
WMCP,2009,286513594,947006349307,"$16,550.00",CWNK,5131,204615,7/18/2014,7/18/2006
UDRG,1998,111310521,855453809305,"$13,934.00",HKNU,25812,17742,6/26/2009,10/10/2007
DKWU,2017,994701150,567553655097,"$25,762.00",IROS,33887,47340,10/4/2010,5/25/2009
NAFP,1999,635456992,529051853589,"$19,319.00",ERQO,77041,17705,3/5/2015,5/24/2010
EEXV,1994,178337805,586479995846,"$19,271.00",HHMJ,48656,54088,4/5/2013,11/30/2015
OQVW,2021,249248155,682856929492,"$9,250.00",TKXF,20086,185287,6/12/2019,5/14/2017
JFDE,1993,674536883,740707125033,"$21,398.00",LWKU,4676,229527,2/23/2011,3/1/2011
WGJB,1998,464396846,864800371755,"$7,016.00",MRMF,16451,218145,3/20/2019,10/25/2013
BTRA,2010,571821377,205084267039,"$16,455.00",TDRK,88720,172995,8/3/2016,8/26/2009
KRGM,1984,507253676,689649430598,"$5,776.00",IJLU,46007,183021,12/1/2007,7/4/2006
JTJR,2003,416572459,954072238590,"$27,787.00",TPUH,79481,77614,9/14/2010,4/13/2011
RFJF,1995,608634120,997171687769,"$28,932.00",RJTQ,7134,42532,6/8/2007,6/19/2014
VFAD,1999,873557140,532170925467,"$23,893.00",TTVL,48368,90205,1/6/2013,12/31/2013
BVIU,2021,736382674,583655492677,"$11,554.00",JILR,52344,56999,11/25/2016,2/15/2008
EXRN,1990,978427955,965004559845,"$7,677.00",QRNX,53275,75542,12/29/2018,8/25/2020
TLVG,1986,105099486,807775659019,"$17,499.00",VJEI,97828,56036,6/4/2008,8/12/2006
DOSA,2000,874047249,597469542707,"$17,256.00",WRAQ,55164,107072,12/20/2005,6/10/2020
ADHD,2016,800952602,390423540413,"$27,593.00",GCES,55275,144125,9/4/2013,1/25/2006
OCOO,1996,447915711,293865863467,"$20,447.00",GEHX,68,193758,9/5/2018,8/6/2018
BUNC,1994,320061421,922464586968,"$16,683.00",NNAK,37511,228358,12/7/2006,10/20/2020
OWCL,2016,283019938,261555156253,"$11,446.00",NNKT,15490,161100,10/2/2007,12/4/2011
LTGN,1992,991734437,843057750834,"$29,076.00",CNEG,57435,213380,6/11/2013,5/16/2010
METQ,2007,942519872,268812361068,"$17,120.00",YDWM,36421,48989,6/22/2014,7/23/2016
NJLP,1995,755869205,265595584543,"$22,572.00",IEBL,64466,60089,10/5/2017,2/7/2021
IUBU,2019,743637083,968869495468,"$5,916.00",XFVT,1064,166427,5/23/2012,8/2/2018
NXNQ,2009,882873413,877740081291,"$7,554.00",CHPE,81308,102307,3/1/2006,12/6/2016
RLMX,1993,646966148,335710125468,"$24,550.00",TWEE,96782,182795,9/6/2009,8/2/2009
TXAV,2005,668156525,278487149329,"$10,268.00",HCWG,23959,195514,12/29/2017,1/30/2016
OFSC,1999,123605874,578291820656,"$28,178.00",KYKK,32169,112535,1/4/2007,3/17/2012
CQDY,1997,937998538,498556652982,"$19,272.00",NGUI,12183,183252,7/3/2015,9/29/2014
CDPD,1989,838701792,764198972678,"$13,786.00",UMNJ,8877,55400,6/2/2019,11/21/2008
FYDI,1989,563662203,773349884514,"$23,161.00",EXJO,29503,137490,1/27/2009,2/14/2017
MILT,1994,751227186,532211835155,"$23,441.00",FOVI,47220,16841,1/19/2012,8/11/2013
ADAY,1987,973031073,650730701574,"$25,735.00",UPWF,39367,129258,5/22/2018,8/3/2015
SVMU,1996,616437621,457195426701,"$9,187.00",AJJT,20361,207285,4/4/2014,3/27/2010
LUCO,1993,458688282,952272013380,"$15,433.00",DYYH,46497,125362,3/28/2015,7/18/2009
PJKI,1985,450058174,696639703302,"$26,766.00",CNKG,94115,123738,8/16/2012,11/9/2007
XACG,1984,225878403,907477421700,"$7,462.00",NVOA,43425,101938,7/28/2011,4/2/2010
HUVR,2002,777861434,963019687551,"$16,360.00",TLFS,81574,110107,8/1/2011,8/23/2010
ONKS,2001,578704014,119766117846,"$19,824.00",KIVJ,56409,210479,6/11/2017,7/27/2005
INUP,2018,227136135,142094804837,"$15,140.00",AICM,65226,24220,1/16/2013,9/26/2020
EVVR,2006,166499954,132434757903,"$5,634.00",LAEH,1915,230807,7/14/2015,6/29/2014
CUYT,1998,989213351,596851874754,"$28,845.00",RNTP,33439,17802,8/9/2018,3/25/2008
XAND,1984,670717272,756934437413,"$10,242.00",LODH,54681,99031,2/28/2017,6/5/2015
WAMU,1988,486604750,637847356303,"$20,614.00",MUUO,24961,102421,8/12/2020,5/15/2009
OVKT,2003,504758082,326986666915,"$23,991.00",EARQ,76439,232806,10/1/2008,4/20/2007
XBDO,1984,451621581,101366155868,"$15,328.00",NUOI,84435,147108,5/9/2015,10/27/2010
CPJH,2005,481773486,605485743128,"$17,860.00",ATPD,46213,86367,2/22/2016,3/1/2009
PBBM,1982,873103870,200543313441,"$17,019.00",SKNG,46474,227281,12/14/2016,1/11/2008
MTQW,2019,718017407,509784692895,"$29,917.00",LGXA,99767,66751,1/29/2015,7/25/2008
EUHP,2019,896928585,415161970309,"$16,278.00",XAJM,86080,38349,11/6/2009,11/1/2012
WCAQ,1980,129305281,330637466463,"$14,644.00",OAYF,28500,75861,4/22/2013,10/18/2008
RXNQ,1995,797428388,872325985704,"$21,786.00",TTHP,82433,24091,12/5/2020,1/7/2021
HXKG,1992,925631639,604386009473,"$29,129.00",NOEF,3379,108463,5/4/2021,7/5/2007
RSIF,1980,639194623,572005560773,"$16,096.00",VNQA,32422,112051,5/20/2007,7/29/2020
RDVR,2018,352044572,693362911501,"$25,146.00",AHEO,94444,218715,7/11/2011,5/31/2020
VCRO,2022,260731045,303274004526,"$6,109.00",GBSR,43649,11837,10/26/2006,2/1/2005
IKAX,2000,983258490,630164944037,"$27,726.00",IVHV,12981,199168,10/25/2013,7/13/2017
GGYB,2014,967148181,523914439255,"$29,307.00",DCFG,15830,228831,12/4/2018,8/24/2005
AFBC,2010,883821551,664493790134,"$15,539.00",LUMP,44344,220755,9/2/2019,11/20/2013
WKPH,1982,372938882,378307654531,"$6,006.00",HKXU,48944,61099,3/9/2008,5/9/2019
JMRM,2014,956367775,401518238114,"$13,708.00",YKVP,92398,66591,11/2/2012,11/28/2018
OJQC,1987,787558950,466762456822,"$21,804.00",EJMP,68690,134058,8/4/2007,3/21/2013
DVTB,2018,336814174,555864093787,"$13,525.00",EWUA,69729,236452,12/24/2013,4/12/2011
CJDT,2000,856072282,559672639822,"$23,832.00",UWAT,39801,226789,9/7/2017,9/19/2010
OEIR,2015,659360070,240872275021,"$12,192.00",NBQY,34657,80820,9/14/2011,6/27/2005
SRBA,1986,419842297,148352206510,"$5,913.00",VLQM,8654,160994,7/16/2017,3/2/2006
EJCK,1995,415674064,726982639290,"$8,751.00",BXFN,60475,106840,12/24/2016,12/14/2012
GJJB,1995,433800352,812692343625,"$29,470.00",BOAT,24153,156129,8/8/2020,6/21/2007
SXKY,2002,514387742,902114107300,"$19,719.00",RVSH,83205,49640,9/13/2009,4/27/2006
PTMC,2014,698159762,855796189677,"$25,868.00",DEEX,83637,135442,4/19/2009,8/16/2008
CXEN,2014,209443968,949646596529,"$20,791.00",SFFA,91009,148009,3/11/2010,7/3/2020
WACS,1998,134835788,244686549171,"$12,721.00",SPMY,25056,82108,12/4/2005,8/3/2012
ETUU,1991,792272044,982806134832,"$27,995.00",LKPW,15896,9524,4/9/2017,10/17/2019
JXXO,2007,458863375,211567753548,"$13,296.00",HTWT,82067,71488,2/27/2021,5/13/2005
BKVN,1980,224294157,377459684050,"$25,599.00",QSDP,61474,113133,8/15/2005,8/27/2006
BNPQ,1983,879666715,414786851585,"$28,379.00",DUQX,62104,2097,6/23/2015,10/15/2009
VCCX,2004,246834768,675907967184,"$6,361.00",LWJE,39703,61897,9/16/2019,8/31/2014
ACVS,2020,178337863,455727328445,"$15,523.00",NCWB,33695,43569,6/5/2012,4/25/2016
EAUG,2002,126844680,272394306577,"$26,568.00",MAFW,5321,225745,10/18/2016,1/19/2021
VEAY,2007,477642986,465835706519,"$13,095.00",UMTO,86058,155449,6/29/2007,3/31/2010
IDRM,2019,143514491,374716634057,"$25,087.00",UBDN,25077,143592,3/8/2005,3/31/2011
CBCY,2002,279127290,355598836720,"$7,771.00",NVAC,76792,227911,1/18/2017,9/21/2015
YXUX,2014,265202293,486337845241,"$17,974.00",OONJ,26099,182126,6/5/2005,7/5/2020
EUYE,1992,734578538,188638612354,"$13,448.00",PCIG,20495,203663,2/10/2016,1/10/2007
TKJT,2005,513313008,698350326435,"$18,288.00",LFSW,55464,16644,3/11/2014,4/6/2019
ICXY,2013,640689215,963566062638,"$18,868.00",HLKX,8686,88394,4/15/2018,1/28/2014
PEQH,2010,522830475,281988470732,"$16,641.00",ANAT,93097,120226,5/11/2021,2/28/2011
XGDO,1997,359801007,653545176902,"$22,503.00",SIOA,38214,237164,9/27/2014,9/7/2018
NGUH,1993,533917983,349338602921,"$5,954.00",LUBL,79684,193709,8/3/2013,6/26/2013
QVNU,1989,135202188,238677815086,"$28,664.00",OSRO,68270,239018,12/16/2011,6/22/2015
UTFK,1993,238983229,504517739483,"$7,118.00",CGIV,8014,128465,2/1/2013,11/22/2019
GBBB,2010,665974589,134667673242,"$27,817.00",OXTG,14660,228790,3/11/2019,12/7/2011
KQGI,2008,551274199,249745411811,"$19,033.00",PTFB,32712,5405,4/20/2008,2/24/2011
XOSB,1988,258558593,658395720221,"$9,199.00",CIUD,21574,233431,5/29/2012,1/30/2012
OMEC,2011,198672040,583091883644,"$6,530.00",FOKV,52950,57174,7/23/2013,12/7/2006
NBNS,1994,575041317,508002245962,"$27,024.00",PTSJ,55820,227861,12/28/2020,7/27/2017
EJKJ,1984,706926071,827739783187,"$25,024.00",VFKM,33873,231860,3/2/2016,9/4/2020
BKXT,2017,942007749,373087638597,"$5,585.00",EIVE,34359,2465,11/3/2006,1/6/2011
KCAX,2005,154998938,249645220776,"$7,513.00",NGHL,43856,25162,8/31/2015,4/2/2011
FALM,2009,479270748,426299851608,"$18,075.00",OQAC,93859,26108,5/11/2007,4/13/2015
KUMT,2010,429130248,642641952614,"$8,853.00",FLAV,80518,91525,5/18/2015,8/17/2010
XHKS,1981,610870381,897764526381,"$11,652.00",VYKW,19437,91185,1/12/2015,11/28/2010
KRGY,1987,897176153,911224592220,"$26,366.00",GDKR,42868,60102,12/28/2018,6/30/2011
LKLV,2003,957677381,360741533496,"$19,766.00",FPNJ,80149,163784,9/1/2014,9/5/2011
EPFT,1981,779037504,343211236221,"$25,061.00",MVUH,29984,132174,5/16/2010,5/2/2020
RBQI,2008,903328281,693077725224,"$14,749.00",BAXI,40536,61750,3/29/2021,9/25/2019
CVJW,1983,918666997,301774571122,"$18,566.00",UNFX,28068,2996,7/11/2015,6/9/2005
RJOC,2002,914959781,152304225804,"$24,371.00",BYXG,82440,44987,5/30/2006,10/1/2010
TAFS,1987,517169585,651305247192,"$27,484.00",HFME,2938,37551,1/5/2016,8/5/2017
YTIS,2002,674499649,860738779584,"$13,402.00",PYUN,39488,238313,12/27/2020,11/29/2009
PXVY,2018,771620043,769409053854,"$25,366.00",KCEB,79801,175969,2/10/2019,2/1/2007
BDBS,2002,192634834,334160604631,"$28,130.00",VNCK,10574,238642,12/10/2019,1/1/2012
EOMC,2003,869966374,751028039472,"$26,712.00",EXDR,47210,200795,1/18/2014,11/12/2019
DJHU,1999,688842596,667292650482,"$26,203.00",PAYT,28947,202216,8/27/2015,11/19/2008
ICAN,1980,516132829,126015346220,"$8,010.00",XDIT,18965,106048,9/7/2009,5/11/2014
JKYU,2010,400185099,870538159654,"$26,793.00",ETOF,53440,184552,1/12/2016,8/28/2016
YYWI,1989,631355796,142098612231,"$23,536.00",XYAN,72754,185180,12/30/2020,6/24/2009
QRUI,2001,147386661,214570477379,"$9,968.00",SAPU,58978,181027,1/19/2015,6/24/2013
HFOA,1980,785868579,597463091461,"$10,462.00",OJYV,24583,12379,5/31/2005,8/9/2020
FWDC,2019,727806953,707170137829,"$27,679.00",DDEY,8811,9679,9/24/2006,1/25/2013
KGWM,2008,230098537,685408628594,"$18,511.00",OEHL,5610,136131,9/22/2010,10/21/2007
VTGS,1986,105373842,495166991924,"$15,133.00",OAKV,22615,158302,6/19/2006,6/3/2010
BWIR,1997,495163915,464740845375,"$17,212.00",EXYT,65494,161531,1/29/2018,9/1/2010
VOTT,2018,131741308,843802848440,"$16,497.00",YJLJ,27236,3098,3/23/2007,7/3/2016
JRKX,2016,330086288,728602533509,"$28,528.00",JMCO,11565,37728,6/19/2016,11/20/2019
CIUI,2014,110597869,806932588657,"$26,372.00",HPTX,12799,235528,4/17/2007,9/10/2019
WKUC,1990,607002501,779018669779,"$14,875.00",MDMH,4130,190160,7/6/2010,12/9/2005
UPIG,1982,328188753,720180714051,"$26,700.00",LXGF,71356,22106,11/25/2020,5/19/2013
OMWR,2007,707822304,450000582535,"$25,991.00",BWPN,8678,246125,11/15/2018,9/2/2007
QUUG,2019,933062531,451739379469,"$16,638.00",AJNU,81153,141405,2/4/2017,5/12/2013
SIIT,2006,766094059,566936727976,"$24,780.00",XISA,69121,182350,8/17/2013,7/27/2013
ILMB,2014,492455065,253512632598,"$16,283.00",TKFI,12791,91607,2/24/2020,7/10/2006
YDMT,2003,268989459,600299209828,"$29,789.00",MUKQ,21891,121401,9/14/2009,7/24/2007
KJAH,1984,962536644,510675159018,"$8,181.00",QOTK,77628,208458,9/24/2020,8/26/2012
AJRA,1995,376785639,416344534183,"$23,698.00",XJQK,47882,160318,1/6/2012,3/30/2011
WAPG,1995,636242764,477630319836,"$11,772.00",YBNV,50193,184193,4/5/2005,4/16/2015
FGEJ,2022,624311392,753221188698,"$19,755.00",XJWY,32683,196376,1/20/2006,11/1/2009
RNFD,1983,222165693,170338832621,"$9,607.00",NGBO,69293,205006,9/13/2020,3/21/2009
XVYW,2016,571645701,847267363476,"$11,188.00",JMMR,20314,140064,8/12/2020,5/2/2009
EWYW,2015,827899069,111881140868,"$6,560.00",LBJL,34092,95322,11/25/2006,11/21/2014
YKKY,2021,243838159,698651204416,"$17,728.00",NGRV,42035,64811,4/20/2021,7/8/2015
BUFW,1999,483506690,473055144229,"$8,702.00",KUTN,46432,25674,9/9/2016,9/6/2016
RLXD,2017,673299604,728051105266,"$14,776.00",LPGT,40446,93737,9/16/2018,1/16/2006
DNNW,2004,327949623,931255037623,"$25,948.00",XPRF,26854,243621,5/27/2014,4/10/2010
CJOA,2011,448338606,424781061602,"$28,625.00",PJOU,95955,87254,8/26/2011,1/5/2013
LADO,1996,871185378,777596428734,"$21,604.00",AGWR,24567,15959,7/24/2017,3/3/2013
FPTK,1997,299458731,192438591463,"$23,312.00",CWYO,74072,249178,2/28/2013,10/4/2008
VOTW,1996,435392545,318327408500,"$18,940.00",PCQL,9353,134585,11/15/2017,7/18/2010
BDUY,2006,576657828,939401808336,"$14,196.00",CVEX,19362,91512,12/9/2020,7/20/2010
YJTO,2007,513831436,446393272412,"$29,836.00",LPWV,42159,49843,7/13/2009,7/6/2012
TYDK,1982,399073500,149755382106,"$29,446.00",SBCH,17369,172110,10/4/2013,3/23/2008
FFOL,1985,978996530,752306325431,"$7,359.00",YAOT,69906,58930,5/23/2007,10/26/2008
XPVO,2015,488697900,274718394417,"$5,215.00",KDAM,66351,5343,8/30/2010,2/15/2018
JJHU,2013,832029706,420235738772,"$27,898.00",BXDI,35473,165086,9/10/2017,10/28/2018
COSN,1996,836153562,757434458631,"$19,062.00",XULQ,53949,226935,6/17/2019,8/2/2007
HPKU,2007,642241080,730805092627,"$15,880.00",LQFN,75555,237406,11/4/2007,9/16/2016
TAYU,1981,225107290,504925568691,"$19,937.00",IMTY,22730,234522,1/14/2021,6/27/2009
YTMN,2011,353732449,302111252394,"$5,383.00",NACW,44453,134627,6/18/2020,3/13/2011
MJDX,1987,657037491,842784334639,"$18,926.00",IUIQ,56024,132946,2/27/2007,8/27/2008
UFXG,1995,880556970,825917875539,"$22,341.00",WWAM,30952,161132,5/10/2011,5/9/2014
LUIS,1994,746813439,681272606297,"$22,569.00",IIHG,90075,232855,3/10/2005,10/9/2017
EUQJ,1990,812909428,948094840039,"$24,040.00",GBMX,66445,236463,6/13/2014,4/23/2012
KFFL,1986,986756786,919206683001,"$28,545.00",CGPW,99027,39041,4/23/2006,10/30/2012
EMHH,1981,875169219,347757896879,"$6,120.00",CYHO,75923,177454,12/7/2015,3/20/2011
APCC,1994,520210471,255456861089,"$25,366.00",NAIR,39771,110081,3/3/2006,3/9/2005
QUPX,1980,218169997,855101884541,"$21,806.00",QGAK,28216,11491,8/15/2015,2/27/2012
PBTE,2022,400627672,640994652056,"$18,414.00",DLEP,38540,240688,5/23/2011,2/21/2014
OFYR,1983,869114375,325825474396,"$8,396.00",ROIY,59204,174819,1/1/2012,8/11/2008
MIAF,2004,697113390,518925172773,"$11,702.00",CNXA,50080,127851,4/5/2015,5/29/2012
CBDA,2022,374673220,542833080792,"$7,622.00",JTVU,90959,122062,4/4/2006,9/13/2011
RAPI,2013,908317570,480394325030,"$24,425.00",UGAH,93294,221998,11/21/2006,7/2/2007
QHTD,2017,747898747,721404347451,"$26,831.00",IMAN,52878,181443,3/12/2020,11/22/2018
AOYY,2008,262516888,133024979260,"$10,157.00",TUGT,29710,158124,12/2/2018,1/15/2012
JAHF,2001,504848898,950385827369,"$27,710.00",DXDK,37839,181397,5/23/2010,3/30/2018
IGYC,2004,469370891,490787133179,"$7,187.00",RSNT,88739,187233,6/17/2020,6/13/2009
KHXN,2007,559783295,952642498022,"$23,600.00",MWQH,39736,200375,12/27/2011,12/10/2019
PATO,1997,587746879,762935644391,"$6,175.00",NQHF,87245,224407,3/11/2005,6/3/2006
PVOV,1985,241284916,406775922552,"$11,124.00",UYXA,19106,174623,1/24/2013,1/3/2020
FYOW,1997,831542791,140652288550,"$25,404.00",SEHH,41882,183963,12/28/2008,7/4/2008
KFEI,2016,618825895,148055052821,"$29,714.00",FDSI,14090,44109,4/10/2016,1/16/2019
IAYI,2004,531769462,856923359778,"$13,393.00",WICO,27440,90218,6/3/2006,3/26/2014
MDVV,1994,858592747,589007730491,"$14,583.00",QVGA,45945,55887,5/26/2018,3/21/2006
WESF,2007,446277245,964393686310,"$19,267.00",KRFO,10035,206428,2/4/2011,11/6/2019
GCRI,1986,497580877,143894619338,"$5,252.00",IBTR,85463,112085,5/24/2014,1/31/2006
USYY,2006,679221963,131701465649,"$16,052.00",IASK,42522,212063,1/9/2015,12/8/2006
KBXM,2020,970145557,751350773508,"$8,981.00",LINM,30949,86905,6/2/2005,5/12/2013
WICF,2021,769279141,878166567042,"$13,012.00",CHAH,83607,169316,5/6/2009,6/28/2016
SALF,1980,495750428,506165569233,"$14,492.00",GWDS,64171,227235,9/6/2005,12/4/2015
IVDI,1996,890157272,534541649490,"$12,240.00",SMST,19550,58944,6/19/2018,9/4/2013
XPYG,1988,540289782,295125037909,"$7,548.00",SOEB,70456,114359,12/23/2018,4/15/2017
EHTT,2012,898368797,351515338531,"$25,432.00",YAGI,76234,34324,4/2/2005,8/16/2017
RWAE,2010,766101961,189016663459,"$21,884.00",QTYU,37949,6256,2/23/2020,11/12/2007
KAEH,2011,463542859,953269029431,"$9,868.00",QEJI,3268,207196,3/23/2017,8/1/2019
GOSR,2009,952963722,249566998006,"$28,278.00",NARS,52015,182728,2/10/2012,3/25/2008
MQPJ,2019,835670154,108934274804,"$23,114.00",RWON,54284,184368,2/6/2005,8/7/2020
YIXS,2022,989610035,237827903528,"$9,504.00",URAR,19609,115439,3/21/2009,2/17/2018
RYNG,1991,384231901,436388200058,"$28,417.00",QGNB,38015,164958,4/4/2009,3/8/2018
VFKA,1991,933613231,651242541014,"$11,155.00",ICPC,48822,215527,5/15/2006,4/30/2012
NIEK,2009,386672168,759388960392,"$13,646.00",KHOA,52215,124244,1/16/2008,8/13/2009
BMST,1990,318050978,107514603977,"$8,923.00",GWNX,57112,115663,9/10/2017,9/14/2018
JIES,2010,131424780,467324853937,"$14,459.00",MPCF,61963,92153,9/25/2005,9/1/2006
SVOD,1996,542876851,741993250225,"$23,697.00",DDIC,32222,152418,5/7/2021,11/17/2009
KCCC,2018,224816653,616386854599,"$29,831.00",IJOE,40240,199868,9/29/2008,7/5/2012
KLGC,1992,344172892,294403983330,"$5,354.00",MHDR,49512,117683,2/28/2012,11/10/2020
FDCM,2002,775564994,209131583220,"$12,916.00",GTCT,42241,205234,10/2/2005,3/14/2011
RFMF,1994,447719606,753545804264,"$11,473.00",QNKY,93239,207336,12/3/2007,7/4/2008
FUKC,1984,257003509,976361327277,"$26,198.00",WFQM,46411,125967,10/17/2015,3/26/2008
XTOP,1993,617083379,373496166034,"$9,638.00",OUYS,4898,62909,11/16/2012,3/18/2018
TUJE,2007,480163989,598994256952,"$23,773.00",TAME,20519,226276,7/4/2009,9/24/2006
OMKM,1998,428527112,310685310309,"$8,648.00",LEBC,14585,38586,1/24/2015,10/2/2008
FWYT,2002,322768197,768934293487,"$20,777.00",QMBO,86518,32246,1/31/2013,2/17/2017
YCOO,2011,693641492,592004012173,"$28,834.00",FVIP,9741,172691,1/1/2014,4/22/2007
EIFU,1982,655225608,825488758138,"$15,747.00",INRJ,85172,134214,6/9/2017,12/10/2013
OLQD,1995,199127856,864286549610,"$17,017.00",IKYB,75682,77878,8/22/2011,1/22/2019
NLMA,2017,747873800,979048163033,"$18,086.00",DGUA,22075,158581,10/17/2014,4/28/2018
MWWJ,2006,305410318,394772794508,"$24,152.00",DSAA,53020,126531,12/20/2019,1/4/2016
LHDI,1991,379741663,165776300445,"$14,022.00",EFKF,98358,172176,4/22/2005,6/2/2012
SBKS,1982,600794690,360517390021,"$15,679.00",SUFH,5037,123360,3/7/2005,5/31/2015
VISN,1997,551674204,468008718303,"$18,814.00",VHHX,49186,106780,2/28/2017,8/15/2020
PYHU,2008,925121155,747512965808,"$25,564.00",AIWR,63010,226758,10/4/2015,10/2/2005
IMFU,1991,822155113,494788598407,"$28,657.00",DWOM,84174,28857,6/15/2016,12/27/2010
NCGG,1986,380982457,363173250024,"$27,264.00",YXVG,16579,189045,10/3/2009,1/15/2010
PLJA,2003,976842532,888156606080,"$7,486.00",VBKB,19257,10799,11/25/2009,7/24/2012
MNVU,1998,236619188,379736406156,"$25,633.00",EPJA,69817,34929,11/9/2020,5/23/2005
ELSR,2013,139739576,303942722349,"$18,797.00",VMOX,27521,110872,10/16/2019,5/23/2010
LINP,1997,182891567,372370173358,"$15,597.00",ETEX,79665,165463,3/8/2010,12/23/2013
XMBW,2004,969922470,794185236008,"$11,723.00",YTWD,6228,135075,2/28/2015,10/30/2007
QRLY,2000,547906101,190868274682,"$26,067.00",NHCQ,2538,97640,2/14/2011,11/26/2013
UGOU,2021,130517999,483038363170,"$20,089.00",SRGV,42380,153829,12/2/2009,9/28/2005
PBNJ,2001,752903830,324719931052,"$23,783.00",OUWY,75959,204953,8/10/2008,11/29/2009
JFWH,2007,291648314,803049246535,"$20,315.00",SDMT,64471,179799,9/13/2011,7/22/2019
HOUR,1997,638163456,550213865113,"$8,992.00",RQEK,66335,78464,1/31/2018,9/25/2008
PKGD,2000,444645518,125729058515,"$23,995.00",ROMC,42929,219651,8/19/2010,8/22/2017
QOFN,1983,419519204,117628659772,"$5,937.00",IGXK,90728,240814,10/19/2012,2/15/2013
FVHG,2004,677093405,743958464142,"$7,492.00",FHWT,66462,22578,3/22/2018,5/14/2014
NYBK,2002,496536216,174291861672,"$26,230.00",PCFJ,21815,184494,3/14/2019,5/31/2015
WBPS,2007,836106560,216321531570,"$12,867.00",BJSD,91208,42314,5/22/2017,10/20/2017
OIBB,2005,909628943,473506356972,"$10,260.00",LUEL,70902,120418,9/23/2006,9/25/2020
OHLY,2016,497443771,970127483871,"$12,205.00",HKQA,69987,6871,3/19/2013,9/18/2010
ESWA,2010,292974704,783502298833,"$18,661.00",NDKK,6685,179283,9/30/2016,10/8/2007
BHAH,1981,250126864,343646268503,"$23,681.00",KNPX,1084,71764,3/3/2005,6/21/2018
PEGQ,1981,745792866,548443028495,"$10,658.00",LIUK,57745,24494,2/14/2009,4/19/2017
INVD,2019,197558169,974752556260,"$14,131.00",UREK,40949,163017,6/2/2019,8/11/2020
SECQ,1993,519577780,524179680625,"$19,357.00",BCPO,98082,64058,5/22/2020,7/16/2006
AMKN,2004,396877848,866355128130,"$11,329.00",LAQW,49760,52197,4/8/2016,5/28/2018
JAEG,1998,711645267,294302701066,"$8,913.00",MGPI,68116,133981,7/28/2012,2/2/2006
JLMK,1995,596463632,165112776109,"$7,460.00",HLCX,49696,182453,9/11/2007,2/1/2013
VUVN,2019,654650267,391788629718,"$8,285.00",WEOE,12776,90726,1/16/2020,5/16/2014
AHVR,2004,857850201,423240685987,"$9,247.00",LLPC,85346,179342,8/3/2012,5/7/2021
UQBY,2015,581636104,203205370341,"$14,231.00",HTSY,55012,137283,12/9/2017,12/23/2006
BHFA,1980,941548458,400743160863,"$24,188.00",REHM,66319,81955,9/28/2012,5/17/2010
AVDI,2010,231081103,406351797396,"$23,278.00",PGAR,82086,43552,2/17/2005,6/19/2020
FAWP,1999,907700578,842034495617,"$15,913.00",GYDG,21800,204594,4/7/2020,3/22/2017
OAXI,2015,586021370,799011843059,"$27,092.00",LCPK,25467,156272,9/12/2013,9/22/2005
WDTK,1986,201453727,294303791565,"$25,753.00",GOYK,3532,23312,3/13/2021,5/9/2011
MXGK,2000,935669301,672156097556,"$16,424.00",BBUG,18488,225391,8/22/2012,8/27/2017
HYGV,2013,211425263,250630721412,"$20,487.00",QQIN,81028,144102,2/24/2016,1/11/2017
CPBF,2006,822348172,391695847456,"$9,496.00",HAHW,31859,29097,1/27/2005,1/17/2021
JLWE,1985,467526735,507069018128,"$15,413.00",VFJS,94497,180890,4/27/2017,5/31/2013
UUDQ,2008,326668421,900366272930,"$27,214.00",PAFE,11688,95983,4/2/2005,11/11/2009
UNLP,1996,974390586,135793810612,"$19,425.00",DPYI,76008,137972,11/28/2017,1/31/2010
CNBD,1996,730637208,977382440163,"$14,062.00",PTXQ,81296,55712,10/6/2009,2/21/2005
EEFV,1990,109189043,244887195977,"$23,649.00",EOXL,47361,155970,9/8/2006,11/3/2008
NDWH,2019,133090590,485381074248,"$23,570.00",INCS,53373,183173,7/5/2008,8/27/2005
AOAM,2012,381051235,426148184645,"$18,427.00",KXIU,28497,143758,11/19/2011,4/25/2016
AGGG,2011,121047821,249350986571,"$19,952.00",PIMM,26985,131035,2/23/2009,5/26/2012
FFXA,2010,494684192,975011854242,"$10,218.00",ONKM,88273,190561,12/22/2012,7/6/2020
BHHC,1996,691204895,203599735846,"$14,355.00",DEYD,91916,127827,8/19/2014,3/26/2009
BVGI,2008,757112501,998610345287,"$10,479.00",UDKH,80231,89358,12/15/2009,2/1/2009
IIGN,2018,280016961,283445881279,"$9,261.00",QVXQ,15353,62850,12/14/2012,5/1/2011
IOSM,2020,445409003,939380951036,"$9,249.00",QHCW,90335,137636,6/7/2007,7/26/2015
GDFP,2006,581185170,546723435439,"$12,090.00",FSQA,60946,80890,7/17/2014,7/13/2018
LVSM,1987,129443701,920412581476,"$21,063.00",AGHP,87485,94199,5/7/2015,1/9/2006
MWMO,1986,183696305,775107498603,"$13,348.00",RNLM,63187,133868,11/17/2005,3/4/2020
YHGM,2003,739395440,135722230679,"$17,876.00",JSQC,87156,205401,7/25/2008,12/1/2007
XGIB,1993,450006108,410798219233,"$22,370.00",COCU,9037,113289,1/30/2021,1/7/2020
KQLI,2005,738226304,742480710252,"$15,857.00",DVRI,85409,137354,12/1/2011,4/3/2020
GVTY,2010,415968072,734630250642,"$14,529.00",WMBC,30159,69823,5/31/2005,4/8/2020
BTPD,2004,617498281,574287407866,"$19,491.00",EYAI,86622,30217,10/24/2018,9/2/2013
ELKW,2007,645456864,836913327861,"$6,912.00",UWXM,81670,136295,2/18/2011,12/13/2013
JAJL,1993,476619927,754166285246,"$24,333.00",ILKO,70821,102849,2/19/2011,11/5/2009
TYGD,2008,322402903,292274672128,"$29,752.00",FNNC,33833,4174,6/24/2018,6/22/2010
YMST,2016,474457290,495069786969,"$14,633.00",PTGF,32980,24307,1/20/2010,2/27/2017
GHDD,2019,740534974,939800646201,"$10,282.00",JERS,71201,185602,3/6/2015,6/2/2015
XLDY,1992,194656312,594197169159,"$19,755.00",CTFE,79904,232966,8/28/2006,3/25/2018
CTIM,2008,331229136,625504323309,"$29,096.00",KMJJ,26656,109729,2/13/2011,12/17/2007
CBUV,1999,136240771,648035011153,"$5,917.00",RDBJ,13496,65200,7/30/2013,6/21/2020
WRKO,2019,397503932,966537603719,"$6,029.00",ROHA,55685,246576,11/3/2005,6/7/2017
JWVE,2009,106121285,688198877122,"$11,955.00",OOUG,30775,163770,6/22/2020,12/5/2018
LCJG,2007,437716116,896888364775,"$28,457.00",TMMQ,17370,202463,5/28/2019,12/31/2018
GWFG,1999,234940285,897195715338,"$23,149.00",WCLY,69713,55151,8/13/2019,3/22/2011
TLHL,2004,406541347,699139028401,"$6,448.00",VHCA,93287,91060,8/8/2009,6/5/2007
PDXQ,1980,679861173,749251917930,"$29,180.00",QGSU,59917,120468,4/16/2016,8/30/2020
YRAV,2011,379329971,883104926660,"$17,332.00",CBPC,72931,129938,11/23/2017,7/11/2015
KEUO,1981,492975554,408286346718,"$5,971.00",GLAB,52727,69463,2/4/2010,11/13/2012
IDHD,1980,235174900,952029062648,"$16,172.00",PGOP,25378,118675,5/21/2007,1/3/2019
TPGS,1996,880250298,334688790961,"$13,997.00",KASI,6228,95416,11/1/2007,10/2/2019
YKMI,1983,325603413,682999928394,"$14,404.00",NXJB,81244,119965,3/28/2008,2/18/2021
OETR,1983,819480747,319345885646,"$8,962.00",KMNV,56917,130703,2/4/2021,1/10/2018
BMHH,2017,241597339,718217634642,"$18,564.00",HLKP,68469,212763,6/15/2008,12/23/2007
QHKK,2015,245482673,599698016096,"$10,963.00",CVYD,86710,55814,2/13/2008,10/10/2008
AGPA,1997,868867062,315800670162,"$10,555.00",BSJU,89890,223579,7/4/2013,9/28/2009
DGMB,1986,403482321,773690778268,"$8,098.00",HKXO,77224,135301,1/28/2018,3/26/2005
VNXC,1981,537471603,986461672012,"$15,218.00",XWGA,42864,73003,1/23/2017,3/21/2015
JABK,2009,756900855,226290133858,"$5,275.00",JCPJ,63863,37127,8/3/2006,1/24/2007
FGIU,2019,529823007,759352964654,"$10,988.00",JJXX,61516,37973,8/31/2015,5/9/2007
XYKT,1984,560841812,715562640056,"$17,878.00",OUOA,61314,115913,6/12/2009,1/13/2012
FEOV,2019,133981505,985774825045,"$17,933.00",XUVI,94126,208259,5/28/2017,2/8/2015
CMGP,1998,357751819,834794413842,"$7,144.00",ISII,26321,55307,6/30/2008,11/16/2017
MGIT,2002,485397269,332645075849,"$25,383.00",FLMD,2660,55766,9/24/2010,3/5/2007
DYLU,1990,354924790,310159788338,"$25,228.00",RGEH,69890,96240,7/27/2011,1/20/2020
YFTR,1992,768652866,813354711614,"$19,177.00",WWOM,12469,214380,9/12/2007,12/24/2009
DXMH,2020,225559455,704293173702,"$15,968.00",MFHG,91591,139725,8/27/2012,1/10/2021
FDKO,2012,285390516,496901267036,"$27,406.00",VCXQ,29525,23876,1/5/2017,11/4/2008
QWVQ,2014,164571234,151813213177,"$9,485.00",XKVY,15913,23695,3/23/2011,5/3/2020
GEEN,2020,689865067,767330458253,"$16,440.00",TPYO,44658,82555,7/12/2009,7/26/2011
QRDC,1995,888729866,738263688483,"$16,708.00",WCXD,92489,200530,8/14/2016,1/19/2005
LHKS,1990,349153227,335172467138,"$12,417.00",JYSB,31591,18295,12/7/2005,6/11/2020
OAIN,2022,217180017,266743168575,"$22,417.00",NLUW,26635,163417,7/14/2017,11/28/2005
BJCL,1988,270991525,436689087328,"$12,827.00",LIEY,23258,208286,9/19/2011,3/7/2021
XDPT,2000,905055820,512186358141,"$8,031.00",YNAL,27397,139842,12/28/2017,4/8/2006
RPYJ,2022,923843616,571620798928,"$24,940.00",GXLS,81922,196285,4/30/2021,12/5/2018
UHQE,2022,339584259,100133139107,"$23,196.00",KECL,61148,157674,8/12/2014,6/20/2010
OUJD,2010,436753271,197321876502,"$10,936.00",RBKT,8773,114200,7/1/2011,9/24/2016
WLIE,1986,187462923,430990490531,"$12,905.00",NVXP,38487,105779,5/12/2018,3/23/2006
KKGI,2019,141783253,308589507637,"$5,290.00",YLSJ,21660,234852,5/7/2016,10/26/2011
YPQO,1981,904881923,801184140848,"$25,725.00",RDDT,20502,159595,5/31/2019,2/6/2007
OOFK,1988,510638340,525338994440,"$9,342.00",EJPM,51743,219767,4/14/2018,12/30/2012
DBDP,1997,370640810,905948108157,"$27,307.00",OPYH,31828,67827,6/28/2019,3/3/2015
BYGT,2002,836008159,292069150973,"$17,816.00",RUGP,15409,130885,5/5/2016,8/2/2005
OULT,2020,169499800,584362688271,"$19,518.00",RQKH,7491,119538,11/16/2009,6/8/2005
LLVO,1981,634134930,266631999686,"$26,000.00",ELST,33851,98394,3/1/2020,4/10/2007
KSJN,1980,361127905,932988635802,"$21,664.00",AOYU,68558,198477,7/6/2011,10/16/2017
LEVM,2001,860319186,364315646964,"$21,311.00",AJFQ,34114,74994,9/20/2017,6/4/2010
EPQX,2010,601507003,450231641509,"$20,594.00",AUQX,28867,79098,11/14/2017,12/21/2008
FSJD,2007,666045512,195122007550,"$10,483.00",KYQQ,39789,148552,10/24/2005,7/16/2005
UISS,1985,102969988,617396378070,"$22,411.00",RXSF,37317,164354,8/14/2006,10/20/2020
GQSG,1999,712968433,226145253613,"$25,539.00",TCVP,72488,220930,11/1/2010,12/19/2017
DSTF,2008,798557674,295054366927,"$20,455.00",WKCY,83964,62950,10/7/2017,9/10/2007
FURS,1989,243293403,351212097335,"$17,271.00",CILP,44938,176328,9/2/2020,8/24/2017
UISQ,1982,121247935,543465279605,"$17,809.00",WUAF,64677,55314,11/12/2006,7/22/2008
JVCE,2000,181574949,710825666995,"$21,266.00",CPKD,49176,150431,7/25/2017,4/7/2013
AOQE,1997,581830358,324787575354,"$29,324.00",PPXR,50654,33235,6/8/2005,2/11/2017
RAHI,1991,273403414,876670529734,"$20,200.00",STEQ,77837,83234,6/13/2014,7/26/2011
OWQF,2000,476570652,531924339171,"$27,786.00",FSLX,32546,135089,4/2/2017,5/26/2017
NDBE,1988,210944959,666502888554,"$24,836.00",GHJX,69584,149498,4/17/2010,3/1/2017
TXPA,2012,330945540,116129797153,"$29,227.00",KUBD,62050,168180,3/8/2020,8/21/2005
HOCN,1983,733232067,752502870245,"$28,834.00",RHMM,30961,104227,12/1/2020,10/29/2014
YPHD,1990,975055770,662810022279,"$27,093.00",YNMV,49319,55102,7/9/2006,2/23/2013
FBUG,2011,845179371,354747096055,"$17,119.00",WWSH,53650,114364,1/17/2012,9/7/2014
SALY,2007,794080314,334967747721,"$13,397.00",HIFD,65529,192996,11/17/2008,7/22/2015
JHLM,1994,368543072,902328153905,"$20,705.00",SIEF,48514,228592,11/14/2019,11/28/2010
OCJG,2019,130370720,266950091613,"$14,520.00",DCRD,65049,176039,2/16/2011,7/4/2009
UGQT,2022,710782857,199070674525,"$5,622.00",CGXI,43839,150921,10/7/2011,7/26/2015
BRRS,2022,267363184,630863896193,"$15,736.00",GVVJ,69407,100875,5/14/2006,10/29/2012
UPYK,1981,124667405,845356699012,"$29,323.00",COVA,15741,102784,4/15/2021,11/13/2013
UCMO,2006,567082783,205337268124,"$28,268.00",PSGE,29950,221573,12/13/2013,6/28/2016
CISU,2004,488445982,259166241014,"$22,643.00",SKRV,12243,88912,10/11/2020,6/29/2005
CJBK,1981,688119549,175153992909,"$27,749.00",NDUL,12011,158076,5/11/2013,1/13/2010
KNNA,2014,189758089,770273553899,"$26,369.00",WQTF,10685,116376,7/1/2012,8/31/2013
RGSO,2005,187867648,562408567314,"$18,797.00",WHFX,70273,39429,11/27/2018,2/21/2019
RIKO,2018,267754039,664131916822,"$16,619.00",SFHN,79916,94026,6/19/2009,10/25/2015
KGRW,2020,827652539,599774585808,"$10,450.00",HHBI,32872,31672,12/15/2007,4/1/2012
DVDR,1994,899042863,754164161471,"$7,748.00",SGJR,56372,15948,7/13/2006,7/24/2020
BSBQ,1993,301051908,276609881457,"$5,692.00",MRLV,95945,151620,11/16/2019,8/5/2014
GGTN,2011,891283131,711095249437,"$23,248.00",NRDJ,46435,161891,3/22/2021,4/17/2016
KTNB,2013,300981043,924115905629,"$10,242.00",HHBO,86475,231542,4/17/2012,3/15/2006
DWWI,2016,230998797,569075505188,"$12,013.00",TSBY,29066,209165,11/30/2018,2/7/2005
BICH,2000,519515009,419613924128,"$14,089.00",NLEF,60272,191242,4/26/2013,12/26/2014
KANU,2011,372376065,724417525740,"$17,516.00",OKMH,3153,197081,11/6/2006,5/8/2014
XABN,1985,533321488,927996225438,"$5,623.00",YDMB,15193,124545,11/5/2016,9/14/2009
WYGT,2006,824516528,302888138972,"$16,217.00",FLWP,36570,44287,11/12/2017,11/25/2013
KIXH,2004,597152900,514172146670,"$9,211.00",TUCU,63631,2720,4/22/2010,7/10/2018
EQSI,2005,114347637,875053904782,"$22,519.00",XPOM,69742,175462,12/10/2017,3/3/2005
DAMX,1994,436086746,640280397742,"$20,939.00",MEHH,89986,169668,2/18/2005,12/7/2005
OKOK,1981,159891720,970881766724,"$18,433.00",ONNL,79435,105080,2/20/2019,9/14/2011
SYBO,2006,664905652,649820332509,"$24,467.00",KILR,30270,209760,8/6/2017,10/24/2015
RYQI,1995,267951167,979664850253,"$10,835.00",VVYR,50369,25591,8/16/2018,12/8/2010
LSNY,1982,348789740,864714671243,"$19,049.00",IGDO,34948,195089,4/16/2011,4/25/2011
DXPA,1984,775875867,909708419029,"$28,023.00",JCRO,47529,155358,4/23/2007,1/5/2005
UWLD,2009,564777551,215520444849,"$9,284.00",BKEV,90152,85515,7/8/2014,4/27/2018
EEVH,1996,538644779,634718908792,"$29,256.00",PYBV,53162,99433,1/30/2011,6/3/2016
GJFV,1997,997477502,957227037725,"$26,933.00",OQIK,74909,2765,1/14/2015,11/25/2010
HSGP,1997,140037859,526445229353,"$19,225.00",RGIB,84547,63497,7/10/2012,8/4/2007
SRAT,2005,257328751,518809421412,"$7,621.00",DJKP,66267,94752,8/12/2020,5/3/2018
RENL,2000,695528225,592095746022,"$7,887.00",JHAH,54683,205352,6/9/2017,12/11/2018
UFLS,2007,305184407,402242322467,"$6,746.00",AHYT,84101,57148,9/17/2008,5/9/2006
YBTC,1986,850332641,121980013706,"$10,800.00",QMBF,73906,66810,6/29/2015,10/24/2016
CSSN,2005,195793326,502139512979,"$16,626.00",BHXC,1877,155798,3/2/2018,6/30/2009
EYDW,1992,339778076,549594038922,"$29,998.00",BCWF,19677,99207,3/25/2009,4/14/2009
NVQD,1996,365381750,509487240894,"$9,809.00",CLWC,68271,115037,12/22/2005,2/1/2010
JJUM,2015,822042443,220190297008,"$14,264.00",SRHF,60822,184039,12/9/2013,3/31/2007
GGJC,1987,318279498,498832344999,"$17,479.00",KHTG,61913,10135,2/23/2009,11/8/2009
NGKR,2005,461990992,712266999033,"$14,454.00",EMCA,5641,140372,5/21/2013,7/28/2009
JTCS,1984,155514169,567311291897,"$17,276.00",XVHK,82647,142477,8/23/2018,12/9/2007
YAOU,1985,406150900,212208510296,"$20,719.00",RQAN,27484,17177,5/31/2006,10/8/2012
YKFH,2007,708433486,393432517277,"$16,820.00",ETHB,8035,60390,3/13/2013,10/2/2008
SRMJ,1982,955051846,478654102567,"$23,344.00",GMXQ,91602,217675,8/28/2006,10/6/2020
LJGE,2016,724451731,743725676857,"$29,050.00",XDPS,73811,74767,9/14/2008,1/30/2014
YOUD,2019,192729616,368522725065,"$21,409.00",SBPW,80874,99450,11/10/2011,5/25/2006
BPSX,2009,714499184,964234931345,"$12,509.00",RISI,77839,21253,1/21/2006,11/8/2018
ABHT,1984,951975728,519746122180,"$28,105.00",QPUA,70998,27602,5/29/2016,11/10/2005
VQCS,1996,535049457,722162384593,"$11,598.00",NWBL,34805,48354,11/17/2018,8/18/2011
INHT,2011,776061554,280745076877,"$29,904.00",AITN,96094,111552,11/20/2006,5/8/2020
VBSE,2003,696881765,589373041357,"$26,667.00",TWTO,95295,216659,12/26/2017,1/10/2006
FWKL,2020,326629566,347915854661,"$23,553.00",CHCF,39636,150551,9/17/2012,8/8/2020
RVES,2022,180994901,395381875071,"$5,892.00",QYBU,79674,1404,10/21/2015,6/6/2006
QQMS,2007,996994996,369585875368,"$19,254.00",NRMO,81987,113197,10/28/2005,7/7/2010
LOKY,1988,995123983,392093613218,"$7,099.00",PIKS,1659,205113,3/12/2007,7/31/2013
GMVU,2008,629321252,718065786923,"$20,282.00",PGYV,91491,84584,5/30/2012,11/22/2005
JYND,1994,425737130,318008752569,"$28,658.00",EJSQ,76203,200320,8/21/2016,8/2/2014
YVGN,1994,632416285,935904861751,"$5,546.00",GWUL,397,75614,12/6/2006,10/13/2010
KFOG,2012,366629740,185707093353,"$10,232.00",YWNL,23989,218636,11/22/2019,11/24/2016
LFOG,1996,428951425,463889155805,"$22,216.00",LKWO,7424,154932,6/21/2012,1/14/2016
WNUG,2011,430528931,135849985914,"$23,487.00",UKBC,23705,101319,7/3/2012,1/5/2014
IVRD,1997,371749351,337666793342,"$25,034.00",QMCC,75577,43854,9/3/2015,8/17/2017
XKFE,1980,351520427,454190528346,"$19,602.00",WVKS,91827,80214,10/19/2008,5/16/2019
DVWF,2010,498754595,748409860399,"$7,563.00",CCUX,84905,177417,2/13/2006,4/20/2008
RQVT,2010,448477741,168451621255,"$8,116.00",XGDM,26522,176478,11/21/2014,8/25/2012
CVOC,2010,306034196,447211456266,"$15,426.00",LUQS,76065,68717,1/18/2015,2/3/2018
GIWU,2012,260685021,570533440608,"$23,859.00",OULX,71667,150007,7/4/2009,7/31/2010
IOGL,2021,213613895,799861329621,"$28,008.00",CHJF,10468,209100,2/11/2020,3/15/2018
IUMJ,2021,461988208,420275248132,"$20,380.00",XIGG,93294,42307,7/5/2006,3/23/2011
IILA,1981,156406438,280454939324,"$22,985.00",YEYM,37757,68619,12/30/2007,5/25/2006
SAOI,1981,767385925,411655898294,"$26,918.00",JKWB,13588,99811,1/5/2010,11/16/2010
KAGC,2011,323515335,511484370447,"$22,727.00",RLPE,20784,110708,8/29/2007,11/2/2007
UREF,1996,132093500,335426720739,"$12,905.00",HNTC,87033,1020,3/28/2019,7/15/2011
SCBH,1993,985694151,192470724199,"$15,772.00",NAPR,23985,31978,3/18/2011,3/27/2018
MEJH,2008,906708451,376089980398,"$15,609.00",KTVO,94717,33439,10/21/2017,9/19/2016
XUFS,1989,229914668,706967842268,"$10,794.00",LQMR,33216,81824,1/2/2014,4/8/2010
LXJT,2003,109910160,991044858561,"$10,621.00",MFBH,61735,148126,12/1/2005,6/15/2015
RTMY,1993,969368153,802356905741,"$14,778.00",GEJA,86053,201539,2/20/2017,5/15/2017
DSRP,2002,551692105,348605785025,"$16,735.00",NBMK,179,46745,4/10/2010,4/27/2007
NEMP,2017,719621932,512026281785,"$27,524.00",EPLU,52097,156373,9/14/2007,12/29/2012
UTAJ,1993,932814868,945259280290,"$25,537.00",ORFS,47500,69911,1/17/2012,6/2/2010
VIOW,1998,250226007,544377076223,"$8,703.00",GCCE,96016,89597,7/18/2019,3/24/2010
EXEN,2015,140158336,684574810696,"$10,884.00",QWFN,3728,128998,1/25/2006,3/16/2014
UCPM,1993,404265941,727002551139,"$7,615.00",STJE,73153,43706,2/2/2005,3/28/2012
XKTI,2000,590929461,817051613916,"$20,063.00",GUQS,88026,231618,2/24/2013,12/15/2014
ULDD,1997,964960108,542070093097,"$19,818.00",GIBO,72371,84279,5/7/2021,11/1/2009
DIDL,2017,772049454,606103206856,"$9,783.00",XIAM,97526,186186,2/16/2009,12/23/2016
LOFA,1995,372482771,865403425882,"$15,308.00",CSKW,15216,215448,7/7/2006,11/6/2010
SXCW,2000,903114318,777405810127,"$23,336.00",AJUG,91884,164905,12/29/2020,9/26/2018
KFKO,1983,910153906,967355472510,"$12,682.00",FTTN,8928,101846,12/22/2018,6/25/2008
LBXK,2004,383519892,311829608878,"$22,212.00",VVEX,73302,125624,5/22/2019,10/1/2011
JJQP,2022,586679345,308920585346,"$29,303.00",IVXF,5720,23310,5/18/2019,1/13/2014
OFNI,2009,185908070,173808362543,"$9,637.00",SQIU,32095,164225,7/23/2008,12/3/2012
DPKU,1988,610270879,177618642867,"$9,524.00",RGHH,47273,82517,11/18/2006,3/1/2016
PHPT,1990,531071166,302771041464,"$5,711.00",EJUS,75615,138915,12/18/2019,3/13/2005
UVMM,2010,346555625,730758622012,"$7,912.00",UORJ,34487,53308,11/20/2018,1/28/2021
BTJI,1994,433714943,393460750222,"$19,020.00",WJRA,17322,66320,5/24/2020,2/10/2007
XGFG,1984,860844537,320341943670,"$20,690.00",EWIX,4045,16445,4/9/2020,10/16/2019
DWKL,2007,586698051,817713895197,"$27,438.00",ITUI,32038,62935,7/15/2019,6/14/2013
SHPU,1983,197525360,755986923954,"$12,768.00",LMDX,68892,53123,8/3/2008,1/8/2011
CNUF,1997,554029603,494491441465,"$12,662.00",ALDS,62385,116945,3/9/2016,3/8/2017
JBMM,1994,646347719,557054539907,"$15,908.00",BTGN,75663,12286,3/30/2018,11/18/2005
LEXH,2015,453314320,753384476365,"$12,462.00",YDUQ,14744,211005,2/17/2015,3/26/2015
FHKS,2014,683757970,860151003463,"$7,404.00",WDHX,92770,122928,11/6/2013,10/14/2008
CNLJ,1984,917602337,599006203388,"$9,320.00",AQBX,5807,104249,7/25/2013,10/20/2008
DWUV,2001,274113846,786206187999,"$27,099.00",QJIU,95227,237280,7/31/2019,1/18/2017
UWWA,1984,858651642,616997916323,"$16,807.00",HWHW,3360,155815,10/10/2012,11/28/2008
SWHD,2000,732770652,455523929021,"$20,217.00",BTRC,91253,181592,6/24/2018,12/25/2019
KQBE,2008,690185772,546991089678,"$19,494.00",XBRR,57759,213024,8/25/2020,6/26/2005
TTDE,1995,423202336,738027242840,"$11,025.00",VMDT,8938,99864,3/7/2013,11/16/2005
BJKG,2008,675376740,921771494867,"$25,245.00",MCTK,99865,18011,9/25/2018,6/27/2018
AKHA,1984,811332062,478147955175,"$19,638.00",MUTX,54251,63080,2/20/2014,3/30/2019
WWBF,1993,909867784,755882731866,"$5,539.00",DULT,13050,50122,12/29/2009,10/15/2018
XEKA,1984,580244983,173518867598,"$10,427.00",UPIP,72727,46659,8/12/2017,11/12/2007
PXGL,2005,345347239,989602611788,"$15,676.00",HBKG,92923,242544,3/29/2011,11/2/2016
GEJH,1990,710896265,268210758606,"$17,812.00",AFBW,12376,81774,9/13/2014,10/26/2006
YDCM,2022,761983224,317047328182,"$24,050.00",EJGO,30670,141943,12/8/2015,2/20/2015
RIUT,2021,423079449,144424708061,"$10,152.00",CXIC,43698,126027,8/18/2016,11/13/2011
AEIH,1980,556727332,169349245101,"$27,487.00",ABKQ,81227,11034,8/16/2010,4/16/2008
DYNR,2014,204867034,631320468925,"$22,732.00",FKIN,50852,237632,5/2/2011,6/6/2017
HLBE,2012,882210768,787459481591,"$26,250.00",GVQV,63956,41817,3/6/2008,4/11/2013
NCLI,1989,517370829,761367275328,"$15,444.00",IXET,55517,147592,6/1/2019,4/19/2005
UWDP,1980,634110702,214014472402,"$20,847.00",XCVF,43279,137448,5/18/2009,9/27/2018
MKLX,2011,769699931,278888044199,"$22,566.00",IHOO,69347,143368,1/25/2015,2/25/2005
LIRR,2016,487698930,802548754555,"$28,032.00",VNBE,23561,93496,6/3/2012,7/10/2018
IXQT,2015,411441454,273289226207,"$7,747.00",XMDV,22092,237759,5/22/2007,5/24/2016
EUQL,1999,353848264,385624558846,"$17,354.00",QFKI,84486,120275,7/14/2013,3/28/2020
FYHM,2008,477182026,272095261979,"$9,869.00",XWFD,68582,41306,8/31/2011,9/22/2016
BAJW,1983,895929192,144481646884,"$13,543.00",LWNS,69185,76719,3/9/2017,1/13/2007
YXVO,1996,150174061,982922015285,"$9,330.00",BMRY,9664,16758,6/3/2015,2/20/2007
LPDR,1993,189454501,872703706524,"$19,750.00",BMJC,1508,239324,9/9/2013,4/30/2016
CYWQ,1995,846185314,835820764435,"$12,467.00",XXUQ,48276,170131,3/24/2018,5/15/2021
RTIH,1999,341512079,749073245490,"$29,874.00",MSYW,55443,200010,9/1/2012,10/10/2019
ABTM,1991,180122333,710210943412,"$11,552.00",NBDL,53861,249739,2/16/2007,11/8/2007
UEEV,2006,825267023,711986662201,"$19,726.00",QRXE,78541,2932,8/27/2018,10/30/2011
XEBL,1996,388772675,366416686605,"$17,072.00",JXAC,95143,205580,9/12/2007,7/6/2020
OTLJ,2020,942225142,724073466000,"$15,514.00",NLKK,2227,147427,9/21/2006,11/27/2020
WCJL,1982,584858130,368458187701,"$17,853.00",GJOO,75326,243167,5/10/2014,1/22/2012
WVSH,1982,650459029,703373597030,"$17,977.00",OMHT,70531,66097,8/17/2020,5/4/2008
TIIM,2004,397741809,330372384401,"$26,113.00",OOMA,24583,83969,1/12/2009,7/8/2013
UJCJ,1997,597340831,581747874259,"$6,731.00",TSGE,20594,219010,10/14/2019,8/26/2009
IGDA,1989,172103726,636402251511,"$21,388.00",NSQK,65187,47203,4/11/2010,12/15/2011
DFRB,1983,560056509,795120311308,"$24,722.00",PUDC,34251,215577,2/20/2015,3/31/2013
TNRA,2013,700524715,939671581912,"$27,826.00",HFRO,15133,215595,11/20/2018,11/23/2008
PUTL,2018,423654464,259474981537,"$8,891.00",NVIO,1471,169014,2/14/2007,2/26/2016
GWVL,1993,832341887,693533861785,"$28,760.00",OSNL,69961,169671,11/24/2005,1/15/2007
JQBN,2002,144785981,594869417917,"$6,903.00",KEHX,39801,167490,5/21/2005,11/23/2013
VHBN,1995,247817565,394043762349,"$9,380.00",VBEQ,40935,127211,10/15/2013,5/3/2006
SJUX,2015,647611820,613506734786,"$29,068.00",CDSO,66351,5877,3/9/2015,3/2/2009
UIEV,1992,402366636,135656355374,"$5,510.00",FNNX,4396,29001,8/13/2019,8/2/2005
BHQD,2014,947381261,831367388470,"$25,153.00",EHJY,32260,207342,5/13/2016,4/6/2015
UJLD,2018,914397351,500330222819,"$27,730.00",MERU,64150,188237,9/23/2020,4/4/2010
IYSP,2000,675548321,723090306881,"$17,012.00",SXWG,86705,154032,7/23/2011,1/28/2020
UWKT,1982,696631443,903029360927,"$5,844.00",ERLX,60299,140830,9/5/2013,10/20/2011
WBXR,2015,299401935,551574706207,"$9,369.00",UYOE,16060,230648,4/5/2021,10/21/2011
SNXX,1983,364289153,614829417050,"$22,885.00",RGOK,96628,108838,12/2/2018,8/26/2015
SYSC,2020,358290705,634824576098,"$28,611.00",XIBC,1936,143306,7/9/2010,11/22/2010
QNAR,1983,814271591,334392913191,"$8,571.00",JVBH,59605,93927,6/25/2014,12/9/2011
ABTU,1980,129667955,388365104684,"$6,503.00",TBUS,3128,48561,8/12/2012,3/27/2014
UEND,2006,772779861,305756363383,"$13,534.00",QEBL,78168,189769,1/22/2012,9/4/2006
QVTR,1988,251234777,710426055148,"$9,549.00",UTEQ,4507,157682,5/1/2008,5/31/2016
JCMA,2002,790321953,706750056603,"$13,403.00",YSJA,20688,43808,2/2/2010,2/5/2008
HVNY,1989,753090316,575123385510,"$22,678.00",UNVY,99890,199994,7/6/2005,1/28/2013
OIMX,2006,703730787,199844650886,"$5,271.00",WMYX,47256,41685,11/1/2012,5/21/2016
LSYR,2013,946501802,115004274964,"$21,768.00",TMHH,15263,164599,7/6/2020,8/28/2007
YCXG,2022,135920458,732993876840,"$6,551.00",GTHU,68403,217671,12/30/2009,6/26/2018
MFFR,2006,706978253,915288890888,"$24,321.00",VUNM,7975,172706,4/16/2013,1/5/2016
VETF,1992,712224385,859639737162,"$17,232.00",TOAI,99458,242672,7/27/2015,12/4/2015
RAOM,2022,819888525,397497611431,"$26,672.00",HCBB,41963,75819,9/4/2016,5/18/2013
NBTK,2013,904182868,967296188718,"$7,031.00",GEAW,20365,84266,1/29/2009,8/22/2011
QRUJ,2011,200829732,237255637480,"$9,395.00",UKFK,78749,89787,7/13/2005,2/23/2013
HOBM,2018,779786428,836176584593,"$18,575.00",EOWC,38487,97889,6/15/2005,5/8/2012
XRUD,2021,392065030,270096540014,"$21,768.00",BXXK,99705,87120,7/5/2020,7/31/2007
YGSQ,2022,425953191,411632931079,"$5,218.00",PTNY,24622,2957,8/5/2009,7/20/2018
EXUD,2006,385162211,878028237929,"$10,099.00",ELMG,92825,194743,3/30/2018,5/22/2017
OYMR,1984,192257989,755503857621,"$12,091.00",LJYF,25430,100575,4/13/2007,12/24/2008
PSUU,2009,350836997,189281629891,"$26,565.00",DMNM,73204,187728,11/15/2019,4/28/2018
SIJB,2001,882779314,925902536112,"$27,957.00",MEDR,7257,90457,5/10/2018,1/10/2008
ULOG,1994,725116943,842645621898,"$17,676.00",SPRG,32190,206120,1/16/2020,7/4/2016
YYMV,2013,138847688,726912176313,"$8,206.00",EVYN,22794,113099,12/19/2014,12/9/2007
FLMK,2012,219278081,477529747744,"$29,107.00",MLRB,17740,78434,9/25/2005,6/8/2020
LDYW,1995,423232376,118801276478,"$9,965.00",IQAU,12288,125718,7/4/2017,5/9/2006
WEMY,2012,685370363,580623507196,"$28,055.00",IBAN,74887,172272,8/14/2007,10/25/2020
NKUD,2007,244977332,105742487959,"$23,768.00",XUJH,11694,173441,6/4/2020,12/23/2013
ROYK,2006,883150712,501792724850,"$11,491.00",RDMA,28166,160835,3/28/2021,7/30/2012
GEIT,2001,283083228,636951193450,"$19,394.00",KLTJ,80857,174991,7/7/2011,8/17/2018
IUMP,2019,694312504,805529323841,"$19,128.00",GUHM,69973,71344,7/20/2013,7/4/2019
EQXK,1992,351240909,604296287570,"$16,303.00",TPKK,32936,177220,6/28/2015,9/16/2013
XNDO,1990,210272187,642528095805,"$21,071.00",QKCM,53452,111951,5/8/2011,10/11/2020
XARM,1989,639869000,675733201756,"$26,094.00",CTAJ,21837,196364,11/21/2019,3/9/2005
OPHU,2009,657502466,659291777471,"$11,377.00",WYKM,43925,19057,11/25/2010,12/6/2010
WOVD,2007,616128811,220637710537,"$25,906.00",VPCF,65685,67375,3/20/2018,3/16/2008
PKGY,1988,804346434,445362744115,"$18,804.00",WTRQ,98064,23797,5/31/2010,8/11/2007
YLMO,2013,518026879,106860660452,"$14,600.00",GDYE,71788,167955,3/18/2019,8/18/2009
MDNV,1995,433087307,288960581719,"$8,423.00",EHJY,48780,133174,3/1/2011,3/5/2021
XXVA,2022,351126297,446973143755,"$18,478.00",AQWL,11055,176707,3/5/2007,10/7/2008
DDCD,2019,136269461,646396181875,"$17,418.00",QJYA,30837,37120,7/23/2005,12/26/2011
KCEO,1988,162042254,554934411753,"$29,882.00",FMAT,28658,67507,3/10/2011,12/6/2015
JHDG,1991,365171260,960370024873,"$12,836.00",EYXB,86977,63817,10/23/2008,11/24/2005
DHTW,2012,993377450,426812891522,"$5,857.00",RABD,92177,229723,6/5/2018,5/26/2006
XAFE,1984,287030767,601700184657,"$19,606.00",QTYM,17021,202624,1/23/2008,9/22/2005
RVHH,2003,811952361,358054184507,"$27,599.00",NSMV,70600,28371,9/25/2016,8/16/2016
UNSY,1997,995047982,780523366780,"$15,178.00",FPDE,38216,193943,4/24/2021,2/12/2005
MDKI,1981,583312317,953264043863,"$10,242.00",RIXJ,17182,199689,1/20/2014,6/11/2016
QADB,1988,818069986,831748320922,"$5,490.00",KWIX,99860,53469,5/22/2014,5/5/2008
WGFD,1984,448066762,216016174450,"$7,024.00",XUFG,39050,227693,5/31/2015,6/26/2006
IGHR,2013,434759190,438503560617,"$10,856.00",REXO,69584,82378,5/21/2015,10/2/2005
NVJL,1986,742467707,339573558106,"$17,428.00",EIWJ,76996,51338,12/18/2006,8/16/2020
XEDE,2005,157312740,912308749092,"$23,965.00",NPTD,84287,17770,6/10/2017,3/30/2020
JIFH,1984,219909764,163710596168,"$8,784.00",RLDQ,73407,17178,1/22/2010,8/8/2009
JGYR,2006,892619410,803328481848,"$9,804.00",AGHN,31821,11750,11/24/2012,9/2/2019
WYWO,2020,140188587,647434633535,"$25,599.00",PKDF,66001,42421,8/17/2015,7/26/2011
GPMT,2005,652096709,504760367147,"$14,329.00",QNJC,17226,146048,7/3/2005,5/24/2018
UYGJ,2015,138160174,307038608682,"$11,263.00",XHGM,33679,219998,11/16/2006,9/24/2017
WOVB,1991,386146206,736408057010,"$18,407.00",AOCO,31748,169575,2/13/2020,12/15/2007
CQKW,1985,796979198,828589316267,"$18,775.00",BUDR,20295,33179,11/15/2016,5/20/2013
SUXM,2017,793813123,220842180615,"$22,868.00",TMSY,16545,78384,12/28/2009,4/12/2019
HVDW,1997,187757550,424000786434,"$8,860.00",EUAC,36928,224203,12/15/2005,12/26/2009
DGDC,1980,364262505,886122877304,"$16,357.00",GQIP,23778,117505,9/21/2013,10/8/2012
EFSG,1994,996980275,420904777202,"$26,608.00",BTYH,65707,101862,9/11/2018,6/12/2020
OMOL,2013,163326455,659522467430,"$8,579.00",SDXM,73798,90073,7/13/2012,8/5/2018
BVIP,1980,215364425,864566142437,"$27,302.00",XLHF,63591,62558,11/10/2015,1/5/2007
CNIE,1983,487686950,132533173562,"$23,349.00",EKIS,81823,156481,9/22/2014,11/12/2018
QNDU,2014,772380437,741369967251,"$24,876.00",FMKU,55682,248610,6/6/2016,10/26/2018
KVGS,2009,681098998,636974381556,"$28,350.00",DHRH,44701,128113,11/6/2010,5/11/2005
HFEK,1994,555017854,479512790386,"$25,811.00",WOBJ,60501,99829,5/20/2014,2/1/2009
KBPE,2004,484105249,541339584448,"$26,582.00",HHNY,97040,207076,1/19/2008,7/10/2015
HCHP,1990,378527075,535354256219,"$8,911.00",HTTH,57749,25371,3/30/2005,2/3/2009
YBIS,1998,371434871,254570827734,"$29,245.00",EJAM,45653,200823,2/1/2019,9/19/2008
SAPD,2008,382073533,770638121373,"$28,332.00",OWFC,78885,248368,10/8/2020,8/22/2020
PECX,1999,403015273,767955811886,"$20,072.00",FHOC,96545,67867,7/8/2005,4/3/2010
IYUI,1980,800083985,173988957454,"$10,192.00",UNGW,16561,94065,4/25/2007,4/11/2021
TNTY,2004,766371315,314362254961,"$29,446.00",TQAH,94665,144158,3/26/2010,5/15/2021
UIPX,1993,127440186,582568847388,"$15,873.00",RMER,37674,198325,3/9/2006,4/16/2011
WTUF,2007,844065209,824916430695,"$15,678.00",VKQW,93555,249070,8/7/2019,6/11/2011
FOMW,1993,215790123,539677201368,"$24,511.00",LGRL,81332,16814,3/12/2020,11/10/2010
LHOL,2010,781483744,796676362712,"$14,589.00",YMPR,70680,79088,3/10/2010,3/28/2015
XAVN,1980,141621352,549857926047,"$24,752.00",TGAX,95104,196926,9/8/2018,7/12/2013
JWGC,2021,722254257,988831326444,"$23,557.00",GYWT,60388,192969,10/11/2014,10/6/2019
DYQA,2012,702205781,603507259528,"$28,437.00",UUMO,35989,149973,6/13/2017,1/12/2020
VAWA,1986,293233875,760279932369,"$12,922.00",NLXJ,16533,103508,5/28/2020,5/22/2008
MREE,2018,571226437,672137409095,"$5,714.00",FYBF,44926,185019,4/24/2015,3/7/2005